,Film,Country,Citation Count,Film tconst,Film Year,Citing Film,Citing Film tconst,Citing Film Year,Citing Film Country
0,Gojira (1954),Japan,0.006920675518110354,tt0047034,1954,Homeward Bound: The Incredible Journey (1993),tt0107131,1993,USA
1,Gojira (1954),Japan,0.006920675518110354,tt0047034,1954,Armageddon (1998),tt0120591,1998,USA
2,Gojira (1954),Japan,0.006920675518110354,tt0047034,1954,Killer Klowns from Outer Space (1988),tt0095444,1988,USA
3,Gojira (1954),Japan,0.006920675518110354,tt0047034,1954,Pacific Rim (2013),tt1663662,2013,USA
4,Gojira (1954),Japan,0.006920675518110354,tt0047034,1954,Street Trash (1987),tt0094057,1987,USA
5,Gojira (1954),Japan,0.006920675518110354,tt0047034,1954,The Iron Giant (1999),tt0129167,1999,USA
6,Gojira (1954),Japan,0.006920675518110354,tt0047034,1954,The Amazing Spider-Man (2012),tt0948470,2012,USA
7,Gojira (1954),Japan,0.006920675518110354,tt0047034,1954,Kronos (1957),tt0050610,1957,USA
8,Gojira (1954),Japan,0.006920675518110354,tt0047034,1954,The ABCs of Death (2012),tt1935896,2012,USA
9,Gojira (1954),Japan,0.006920675518110354,tt0047034,1954,Moulin Rouge! (2001),tt0203009,2001,USA
10,Gojira (1954),Japan,0.006920675518110354,tt0047034,1954,That Man Bolt (1973),tt0070787,1973,USA
11,Gojira (1954),Japan,0.006920675518110354,tt0047034,1954,Remote Control (1988),tt0093843,1988,USA
12,Gojira (1954),Japan,0.006920675518110354,tt0047034,1954,Halloween: The Curse of Michael Myers (1995),tt0113253,1995,USA
13,Gojira (1954),Japan,0.006920675518110354,tt0047034,1954,Honey I Blew Up the Kid (1992),tt0104437,1992,USA
14,Gojira (1954),Japan,0.006920675518110354,tt0047034,1954,Serial Mom (1994),tt0111127,1994,USA
15,Gojira (1954),Japan,0.006920675518110354,tt0047034,1954,Stay Tuned (1992),tt0105466,1992,USA
16,Gojira (1954),Japan,0.006920675518110354,tt0047034,1954,Suburban Commando (1991),tt0103003,1991,USA
17,Gojira (1954),Japan,0.006920675518110354,tt0047034,1954,The Last American Virgin (1982),tt0084234,1982,USA
18,Gojira (1954),Japan,0.006920675518110354,tt0047034,1954,Troll (1986),tt0092115,1986,USA
19,Gojira (1954),Japan,0.006920675518110354,tt0047034,1954,Vice Versa (1988),tt0096380,1988,USA
20,Gojira (1954),Japan,0.006920675518110354,tt0047034,1954,Adventures in Dinosaur City (1991),tt0103621,1991,USA
21,Gojira (1954),Japan,0.006920675518110354,tt0047034,1954,Airplane II: The Sequel (1982),tt0083530,1982,USA
22,Gojira (1954),Japan,0.006920675518110354,tt0047034,1954,Charlie's Angels (2000),tt0160127,2000,USA
23,Gojira (1954),Japan,0.006920675518110354,tt0047034,1954,The Nutty Professor (1996),tt0117218,1996,USA
24,Gojira (1954),Japan,0.006920675518110354,tt0047034,1954,Child's Play (1988),tt0094862,1988,USA
25,Gojira (1954),Japan,0.006920675518110354,tt0047034,1954,Hollywood Boulevard (1976),tt0074633,1976,USA
26,Gojira (1954),Japan,0.006920675518110354,tt0047034,1954,Beneath the Valley of the Ultra-Vixens (1979),tt0078846,1979,USA
27,Gojira (1954),Japan,0.006920675518110354,tt0047034,1954,The Great Santini (1979),tt0079239,1979,USA
28,Gojira (1954),Japan,0.006920675518110354,tt0047034,1954,American Raspberry (1977),tt0162854,1977,USA
29,Gojira (1954),Japan,0.006920675518110354,tt0047034,1954,The Hangover (2009),tt1119646,2009,USA
30,Gojira (1954),Japan,0.006920675518110354,tt0047034,1954,Another Gay Movie (2006),tt0443431,2006,USA
31,Gojira (1954),Japan,0.006920675518110354,tt0047034,1954,Toy Story 2 (1999),tt0120363,1999,USA
32,Gojira (1954),Japan,0.006920675518110354,tt0047034,1954,Another Gay Sequel: Gays Gone Wild! (2008),tt1051981,2008,USA
33,Gojira (1954),Japan,0.006920675518110354,tt0047034,1954,Tomorrowland (2015),tt7728220,2015,USA
34,Gojira (1954),Japan,0.006920675518110354,tt0047034,1954,Mystery Science Theater 3000: The Movie (1996),tt0117128,1996,USA
35,Gojira (1954),Japan,0.006920675518110354,tt0047034,1954,The Lost World: Jurassic Park (1997),tt0119567,1997,USA
36,Gojira (1954),Japan,0.006920675518110354,tt0047034,1954,Austin Powers in Goldmember (2002),tt0295178,2002,USA
37,Gojira (1954),Japan,0.006920675518110354,tt0047034,1954,Bad Biology (2008),tt0974977,2008,USA
38,Gojira (1954),Japan,0.006920675518110354,tt0047034,1954,Dumb and Dumberer: When Harry Met Lloyd (2003),tt0329028,2003,USA
39,Gojira (1954),Japan,0.006920675518110354,tt0047034,1954,Film Geek (2005),tt0443506,2005,USA
40,Gojira (1954),Japan,0.006920675518110354,tt0047034,1954,The Simpsons Movie (2007),tt0462538,2007,USA
41,Gojira (1954),Japan,0.006920675518110354,tt0047034,1954,Beavis and Butt-Head Do America (1996),tt0115641,1996,USA
42,Gojira (1954),Japan,0.006920675518110354,tt0047034,1954,Michael Clayton (2007),tt0465538,2007,USA
43,Gojira (1954),Japan,0.006920675518110354,tt0047034,1954,Big (1988),tt0094737,1988,USA
44,Gojira (1954),Japan,0.006920675518110354,tt0047034,1954,The Monster Squad (1987),tt0093560,1987,USA
45,Gojira (1954),Japan,0.006920675518110354,tt0047034,1954,Lilo & Stitch (2002),tt0275847,2002,USA
46,Gojira (1954),Japan,0.006920675518110354,tt0047034,1954,Journey 2: The Mysterious Island (2012),tt1397514,2012,USA
47,Gojira (1954),Japan,0.006920675518110354,tt0047034,1954,Transylvania 6-5000 (1985),tt0090196,1985,USA
48,Gojira (1954),Japan,0.006920675518110354,tt0047034,1954,The Green Mile (1999),tt0120689,1999,USA
49,Gojira (1954),Japan,0.006920675518110354,tt0047034,1954,The Making of '...And God Spoke' (1993),tt0107492,1993,USA
50,Gojira (1954),Japan,0.006920675518110354,tt0047034,1954,You Light Up My Life (1977),tt0076941,1977,USA
51,Gojira (1954),Japan,0.006920675518110354,tt0047034,1954,Gung Ho (1986),tt0091159,1986,USA
52,Gojira (1954),Japan,0.006920675518110354,tt0047034,1954,Chasing Ghosts: Beyond the Arcade (2007),tt0479879,2007,USA
53,Gojira (1954),Japan,0.006920675518110354,tt0047034,1954,Cheerleader Ninjas (2002),tt0235280,2002,USA
54,Gojira (1954),Japan,0.006920675518110354,tt0047034,1954,Chillerama (2011),tt1727252,2011,USA
55,Gojira (1954),Japan,0.006920675518110354,tt0047034,1954,Christmas in Compton (2012),tt1957867,2012,USA
56,Gojira (1954),Japan,0.006920675518110354,tt0047034,1954,Chromeskull: Laid to Rest 2 (2011),tt1792799,2011,USA
57,Gojira (1954),Japan,0.006920675518110354,tt0047034,1954,The Toxic Avenger Part II (1989),tt0098503,1989,USA
58,Gojira (1954),Japan,0.006920675518110354,tt0047034,1954,Class of Nuke 'Em High Part II: Subhumanoid Meltdown (1991),tt0101591,1991,USA
59,Gojira (1954),Japan,0.006920675518110354,tt0047034,1954,Collision Course (1989),tt0097081,1989,USA
60,Gojira (1954),Japan,0.006920675518110354,tt0047034,1954,Comic Book Confidential (1988),tt0094897,1988,USA
61,Gojira (1954),Japan,0.006920675518110354,tt0047034,1954,Things to Do in Denver When You're Dead (1995),tt0114660,1995,USA
62,Gojira (1954),Japan,0.006920675518110354,tt0047034,1954,Contagion (2011),tt1598778,2011,USA
63,Gojira (1954),Japan,0.006920675518110354,tt0047034,1954,Cooties (2014),tt2490326,2014,USA
64,Gojira (1954),Japan,0.006920675518110354,tt0047034,1954,Cop Out (2010),tt1385867,2010,USA
65,Gojira (1954),Japan,0.006920675518110354,tt0047034,1954,Coraline (2009),tt0327597,2009,USA
66,Gojira (1954),Japan,0.006920675518110354,tt0047034,1954,Corman's World: Exploits of a Hollywood Rebel (2011),tt1185371,2011,USA
67,Gojira (1954),Japan,0.006920675518110354,tt0047034,1954,Kazaam (1996),tt0116756,1996,USA
68,Gojira (1954),Japan,0.006920675518110354,tt0047034,1954,Dead End (1985),tt0131260,1985,USA
69,Gojira (1954),Japan,0.006920675518110354,tt0047034,1954,Disaster! (2005),tt0424958,2005,USA
70,Gojira (1954),Japan,0.006920675518110354,tt0047034,1954,Divine Trash (1998),tt0150338,1998,USA
71,Gojira (1954),Japan,0.006920675518110354,tt0047034,1954,Doug's 1st Movie (1999),tt0187819,1999,USA
72,Gojira (1954),Japan,0.006920675518110354,tt0047034,1954,Drive Thru (2007),tt0466766,2007,USA
73,Gojira (1954),Japan,0.006920675518110354,tt0047034,1954,Electric Apricot (2006),tt0482499,2006,USA
74,Gojira (1954),Japan,0.006920675518110354,tt0047034,1954,Escape from Planet Earth (2013),tt0765446,2013,USA
75,Gojira (1954),Japan,0.006920675518110354,tt0047034,1954,Fakin' Da Funk (1997),tt0119097,1997,USA
76,Gojira (1954),Japan,0.006920675518110354,tt0047034,1954,FartZilla (2014),tt2841528,2014,USA
77,Gojira (1954),Japan,0.006920675518110354,tt0047034,1954,Waking Up in Reno (2002),tt0219400,2002,USA
78,Gojira (1954),Japan,0.006920675518110354,tt0047034,1954,Mousehunt (1997),tt0119715,1997,USA
79,Gojira (1954),Japan,0.006920675518110354,tt0047034,1954,Frankenweenie (2012),tt1142977,2012,USA
80,Gojira (1954),Japan,0.006920675518110354,tt0047034,1954,Night of the Demons 2 (1994),tt0110667,1994,USA
81,Gojira (1954),Japan,0.006920675518110354,tt0047034,1954,Gettin' It (2006),tt0483631,2006,USA
82,Gojira (1954),Japan,0.006920675518110354,tt0047034,1954,Glitch! (1988),tt0095222,1988,USA
83,Gojira (1954),Japan,0.006920675518110354,tt0047034,1954,Godzilla 2001 (2001),tt0317584,2001,USA
84,Gojira (1954),Japan,0.006920675518110354,tt0047034,1954,Mikey (1992),tt0104870,1992,USA
85,Gojira (1954),Japan,0.006920675518110354,tt0047034,1954,Gorp (1980),tt0080809,1980,USA
86,Gojira (1954),Japan,0.006920675518110354,tt0047034,1954,We Are the Strange (2007),tt0923985,2007,USA
87,Gojira (1954),Japan,0.006920675518110354,tt0047034,1954,I Hope They Serve Beer in Hell (2009),tt1220628,2009,USA
88,Gojira (1954),Japan,0.006920675518110354,tt0047034,1954,Ice Age: Dawn of the Dinosaurs (2009),tt1080016,2009,USA
89,Gojira (1954),Japan,0.006920675518110354,tt0047034,1954,Inspector Gadget (1999),tt0141369,1999,USA
90,Gojira (1954),Japan,0.006920675518110354,tt0047034,1954,Jack (1996),tt0356752,1996,USA
91,Gojira (1954),Japan,0.006920675518110354,tt0047034,1954,Jake's Booty Call (2003),tt0416873,2003,USA
92,Gojira (1954),Japan,0.006920675518110354,tt0047034,1954,One Crazy Summer (1986),tt0091680,1986,USA
93,Gojira (1954),Japan,0.006920675518110354,tt0047034,1954,The Mighty (1998),tt0119670,1998,USA
94,Gojira (1954),Japan,0.006920675518110354,tt0047034,1954,Killswitch (2014),tt5464234,2014,USA
95,Gojira (1954),Japan,0.006920675518110354,tt0047034,1954,Larry Crowne (2011),tt1583420,2011,USA
96,Gojira (1954),Japan,0.006920675518110354,tt0047034,1954,Life in a Day (2011),tt1887795,2011,USA
97,Gojira (1954),Japan,0.006920675518110354,tt0047034,1954,Little Big League (1994),tt0110363,1994,USA
98,Gojira (1954),Japan,0.006920675518110354,tt0047034,1954,Nick of Time (1995),tt0113972,1995,USA
99,Gojira (1954),Japan,0.006920675518110354,tt0047034,1954,Mad Money (2008),tt0951216,2008,USA
100,Gojira (1954),Japan,0.006920675518110354,tt0047034,1954,Marilyn Hotchkiss' Ballroom Dancing & Charm School (2005),tt0409034,2005,USA
101,Gojira (1954),Japan,0.006920675518110354,tt0047034,1954,Rush Hour 3 (2007),tt0293564,2007,USA
102,Gojira (1954),Japan,0.006920675518110354,tt0047034,1954,"Mirror, Mirror 2: Raven Dance (1994)",tt0110530,1994,USA
103,Gojira (1954),Japan,0.006920675518110354,tt0047034,1954,Misery Loves Company (2012),tt2326156,2012,USA
104,Gojira (1954),Japan,0.006920675518110354,tt0047034,1954,Monster Man (2003),tt0365513,2003,USA
105,Gojira (1954),Japan,0.006920675518110354,tt0047034,1954,My Science Project (1985),tt0089652,1985,USA
106,Gojira (1954),Japan,0.006920675518110354,tt0047034,1954,Nick and Norah's Infinite Playlist (2008),tt0981227,2008,USA
107,Gojira (1954),Japan,0.006920675518110354,tt0047034,1954,Persepolis (2007),tt0808417,2007,USA
108,Gojira (1954),Japan,0.006920675518110354,tt0047034,1954,Pig Hunt (2008),tt1022883,2008,USA
109,Gojira (1954),Japan,0.006920675518110354,tt0047034,1954,Prehysteria! (1993),tt0107870,1993,USA
110,Gojira (1954),Japan,0.006920675518110354,tt0047034,1954,Quest for Camelot (1998),tt0120800,1998,USA
111,Gojira (1954),Japan,0.006920675518110354,tt0047034,1954,Rugrats in Paris: The Movie - Rugrats II (2000),tt0213203,2000,USA
112,Gojira (1954),Japan,0.006920675518110354,tt0047034,1954,Rectuma (2003),tt0365674,2003,USA
113,Gojira (1954),Japan,0.006920675518110354,tt0047034,1954,Shark Night 3D (2011),tt1633356,2011,USA
114,Gojira (1954),Japan,0.006920675518110354,tt0047034,1954,Sky Captain and the World of Tomorrow (2004),tt0346156,2004,USA
115,Gojira (1954),Japan,0.006920675518110354,tt0047034,1954,Summer of Blood (2014),tt3625352,2014,USA
116,Gojira (1954),Japan,0.006920675518110354,tt0047034,1954,Team Hot Wheels: The Origin of Awesome! (2014),tt3823912,2014,USA
117,Gojira (1954),Japan,0.006920675518110354,tt0047034,1954,Ted 2 (2015),tt2637276,2015,USA
118,Gojira (1954),Japan,0.006920675518110354,tt0047034,1954,The American Nightmare (2000),tt0259182,2000,USA
119,Gojira (1954),Japan,0.006920675518110354,tt0047034,1954,"The Death of ""Superman Lives"": What Happened? (2015)",tt2753778,2015,USA
120,Gojira (1954),Japan,0.006920675518110354,tt0047034,1954,The Devil and Daniel Johnston (2005),tt0436231,2005,USA
121,Gojira (1954),Japan,0.006920675518110354,tt0047034,1954,The Doctor Disciples (1973),tt2069945,1973,USA
122,Gojira (1954),Japan,0.006920675518110354,tt0047034,1954,The LEGO Batman Movie (2017),tt4116284,2017,USA
123,Gojira (1954),Japan,0.006920675518110354,tt0047034,1954,The Runaways (2010),tt1017451,2010,USA
124,Gojira (1954),Japan,0.006920675518110354,tt0047034,1954,The Young and the Dead (2000),tt0259747,2000,USA
125,Gojira (1954),Japan,0.006920675518110354,tt0047034,1954,Waxwork II: Lost in Time (1992),tt0105792,1992,USA
126,Blade Runner (1982),"USA,Hong Kong",0.004851995336066499,tt0083658,1982,Superman III (1983),tt0086393,1983,USA
127,Blade Runner (1982),"USA,Hong Kong",0.004851995336066499,tt0083658,1982,The King of Comedy (1982),tt0085794,1982,USA
128,Blade Runner (1982),"USA,Hong Kong",0.004851995336066499,tt0083658,1982,Dark City (1998),tt0118929,1998,USA
129,Blade Runner (1982),"USA,Hong Kong",0.004851995336066499,tt0083658,1982,Star Wars: Episode I - The Phantom Menace (1999),tt0120915,1999,USA
130,Blade Runner (1982),"USA,Hong Kong",0.004851995336066499,tt0083658,1982,Clerks (1994),tt0109445,1994,USA
131,Blade Runner (1982),"USA,Hong Kong",0.004851995336066499,tt0083658,1982,24x36: A Movie About Movie Posters (2016),tt5003654,2016,USA
132,Blade Runner (1982),"USA,Hong Kong",0.004851995336066499,tt0083658,1982,Dredd (2012),tt1343727,2012,USA
133,Blade Runner (1982),"USA,Hong Kong",0.004851995336066499,tt0083658,1982,Pacific Rim (2013),tt1663662,2013,USA
134,Blade Runner (1982),"USA,Hong Kong",0.004851995336066499,tt0083658,1982,RoboCop (1987),tt0093870,1987,USA
135,Blade Runner (1982),"USA,Hong Kong",0.004851995336066499,tt0083658,1982,Underworld (2003),tt7969218,2003,USA
136,Blade Runner (1982),"USA,Hong Kong",0.004851995336066499,tt0083658,1982,Sin City (2005),tt0401792,2005,USA
137,Blade Runner (1982),"USA,Hong Kong",0.004851995336066499,tt0083658,1982,The Game (1997),tt16673588,1997,USA
138,Blade Runner (1982),"USA,Hong Kong",0.004851995336066499,tt0083658,1982,Lost in Space (1998),tt0120738,1998,USA
139,Blade Runner (1982),"USA,Hong Kong",0.004851995336066499,tt0083658,1982,Austin Powers: International Man of Mystery (1997),tt0118655,1997,USA
140,Blade Runner (1982),"USA,Hong Kong",0.004851995336066499,tt0083658,1982,Batman Begins (2005),tt0372784,2005,USA
141,Blade Runner (1982),"USA,Hong Kong",0.004851995336066499,tt0083658,1982,Star Wars: Episode II - Attack of the Clones (2002),tt0121765,2002,USA
142,Blade Runner (1982),"USA,Hong Kong",0.004851995336066499,tt0083658,1982,A Scanner Darkly (2006),tt0405296,2006,USA
143,Blade Runner (1982),"USA,Hong Kong",0.004851995336066499,tt0083658,1982,Demolition Man (1993),tt0106697,1993,USA
144,Blade Runner (1982),"USA,Hong Kong",0.004851995336066499,tt0083658,1982,Phenomenon (1996),tt0117333,1996,USA
145,Blade Runner (1982),"USA,Hong Kong",0.004851995336066499,tt0083658,1982,WALL·E (2008),tt0910970,2008,USA
146,Blade Runner (1982),"USA,Hong Kong",0.004851995336066499,tt0083658,1982,Alien: Covenant (2017),tt2316204,2017,USA
147,Blade Runner (1982),"USA,Hong Kong",0.004851995336066499,tt0083658,1982,Gattaca (1997),tt0119177,1997,USA
148,Blade Runner (1982),"USA,Hong Kong",0.004851995336066499,tt0083658,1982,America's Sweethearts (2001),tt0265029,2001,USA
149,Blade Runner (1982),"USA,Hong Kong",0.004851995336066499,tt0083658,1982,American Fork (2007),tt0790612,2007,USA
150,Blade Runner (1982),"USA,Hong Kong",0.004851995336066499,tt0083658,1982,The Hitcher (1986),tt0091209,1986,USA
151,Blade Runner (1982),"USA,Hong Kong",0.004851995336066499,tt0083658,1982,Back to the Future Part II (1989),tt0096874,1989,USA
152,Blade Runner (1982),"USA,Hong Kong",0.004851995336066499,tt0083658,1982,Ginger Snaps (2000),tt0210070,2000,USA
153,Blade Runner (1982),"USA,Hong Kong",0.004851995336066499,tt0083658,1982,Kill Bill: Vol. 2 (2004),tt0378194,2004,USA
154,Blade Runner (1982),"USA,Hong Kong",0.004851995336066499,tt0083658,1982,Last Action Hero (1993),tt0107362,1993,USA
155,Blade Runner (1982),"USA,Hong Kong",0.004851995336066499,tt0083658,1982,Mystery Science Theater 3000: The Movie (1996),tt0117128,1996,USA
156,Blade Runner (1982),"USA,Hong Kong",0.004851995336066499,tt0083658,1982,Minority Report (2002),tt0181689,2002,USA
157,Blade Runner (1982),"USA,Hong Kong",0.004851995336066499,tt0083658,1982,The Avengers (1998),tt0118661,1998,USA
158,Blade Runner (1982),"USA,Hong Kong",0.004851995336066499,tt0083658,1982,Fight Club (1999),tt0137523,1999,USA
159,Blade Runner (1982),"USA,Hong Kong",0.004851995336066499,tt0083658,1982,Equilibrium (2002),tt0238380,2002,USA
160,Blade Runner (1982),"USA,Hong Kong",0.004851995336066499,tt0083658,1982,Purple Rain (1984),tt0087957,1984,USA
161,Blade Runner (1982),"USA,Hong Kong",0.004851995336066499,tt0083658,1982,Batman & Robin (1997),tt0118688,1997,USA
162,Blade Runner (1982),"USA,Hong Kong",0.004851995336066499,tt0083658,1982,The Crow (1994),tt0109506,1994,USA
163,Blade Runner (1982),"USA,Hong Kong",0.004851995336066499,tt0083658,1982,Battlefield Earth (2000),tt0185183,2000,USA
164,Blade Runner (1982),"USA,Hong Kong",0.004851995336066499,tt0083658,1982,Be Kind Rewind (2008),tt0799934,2008,USA
165,Blade Runner (1982),"USA,Hong Kong",0.004851995336066499,tt0083658,1982,Judge Dredd (1995),tt0113492,1995,USA
166,Blade Runner (1982),"USA,Hong Kong",0.004851995336066499,tt0083658,1982,Mystery Men (1999),tt0132347,1999,USA
167,Blade Runner (1982),"USA,Hong Kong",0.004851995336066499,tt0083658,1982,Replicant (2001),tt0238552,2001,USA
168,Blade Runner (1982),"USA,Hong Kong",0.004851995336066499,tt0083658,1982,The 6th Day (2000),tt0216216,2000,USA
169,Blade Runner (1982),"USA,Hong Kong",0.004851995336066499,tt0083658,1982,Halloween: Resurrection (2002),tt0220506,2002,USA
170,Blade Runner (1982),"USA,Hong Kong",0.004851995336066499,tt0083658,1982,Identity (2003),tt0309698,2003,USA
171,Blade Runner (1982),"USA,Hong Kong",0.004851995336066499,tt0083658,1982,Tangled (2010),tt0398286,2010,USA
172,Blade Runner (1982),"USA,Hong Kong",0.004851995336066499,tt0083658,1982,Blade Runner 2049 (2017),tt1856101,2017,USA
173,Blade Runner (1982),"USA,Hong Kong",0.004851995336066499,tt0083658,1982,Blue Vengeance (1989),tt0205779,1989,USA
174,Blade Runner (1982),"USA,Hong Kong",0.004851995336066499,tt0083658,1982,The Perfect Storm (2000),tt0177971,2000,USA
175,Blade Runner (1982),"USA,Hong Kong",0.004851995336066499,tt0083658,1982,Impostor (2001),tt0160399,2001,USA
176,Blade Runner (1982),"USA,Hong Kong",0.004851995336066499,tt0083658,1982,Casualties (1997),tt0118827,1997,USA
177,Blade Runner (1982),"USA,Hong Kong",0.004851995336066499,tt0083658,1982,Cleanflix (2009),tt1007026,2009,USA
178,Blade Runner (1982),"USA,Hong Kong",0.004851995336066499,tt0083658,1982,Stardust (2007),tt11154898,2007,USA
179,Blade Runner (1982),"USA,Hong Kong",0.004851995336066499,tt0083658,1982,Crossing Over (2009),tt0924129,2009,USA
180,Blade Runner (1982),"USA,Hong Kong",0.004851995336066499,tt0083658,1982,Cyborg (1989),tt0097138,1989,USA
181,Blade Runner (1982),"USA,Hong Kong",0.004851995336066499,tt0083658,1982,Johnny Mnemonic (1995),tt0113481,1995,USA
182,Blade Runner (1982),"USA,Hong Kong",0.004851995336066499,tt0083658,1982,Strange Days (1995),tt0114558,1995,USA
183,Blade Runner (1982),"USA,Hong Kong",0.004851995336066499,tt0083658,1982,Desperate But Not Serious (2000),tt0160182,2000,USA
184,Blade Runner (1982),"USA,Hong Kong",0.004851995336066499,tt0083658,1982,Freejack (1992),tt0104299,1992,USA
185,Blade Runner (1982),"USA,Hong Kong",0.004851995336066499,tt0083658,1982,Drew: The Man Behind the Poster (2013),tt1486843,2013,USA
186,Blade Runner (1982),"USA,Hong Kong",0.004851995336066499,tt0083658,1982,Drillbit Taylor (2008),tt0817538,2008,USA
187,Blade Runner (1982),"USA,Hong Kong",0.004851995336066499,tt0083658,1982,Droid (1988),tt0289929,1988,USA
188,Blade Runner (1982),"USA,Hong Kong",0.004851995336066499,tt0083658,1982,Droid Gunner (1995),tt0112906,1995,USA
189,Blade Runner (1982),"USA,Hong Kong",0.004851995336066499,tt0083658,1982,Dungeons & Dragons (2000),tt0190374,2000,USA
190,Blade Runner (1982),"USA,Hong Kong",0.004851995336066499,tt0083658,1982,Enemy of the State (1998),tt0120660,1998,USA
191,Blade Runner (1982),"USA,Hong Kong",0.004851995336066499,tt0083658,1982,Eragon (2006),tt0449010,2006,USA
192,Blade Runner (1982),"USA,Hong Kong",0.004851995336066499,tt0083658,1982,Escapes (2017),tt6815320,2017,USA
193,Blade Runner (1982),"USA,Hong Kong",0.004851995336066499,tt0083658,1982,F/X (1986),tt0089118,1986,USA
194,Blade Runner (1982),"USA,Hong Kong",0.004851995336066499,tt0083658,1982,Face Eater (2008),tt1339085,2008,USA
195,Blade Runner (1982),"USA,Hong Kong",0.004851995336066499,tt0083658,1982,Fanboys (2009),tt0489049,2009,USA
196,Blade Runner (1982),"USA,Hong Kong",0.004851995336066499,tt0083658,1982,The Book of Eli (2010),tt1037705,2010,USA
197,Blade Runner (1982),"USA,Hong Kong",0.004851995336066499,tt0083658,1982,Film School Confidential (2002),tt0304008,2002,USA
198,Blade Runner (1982),"USA,Hong Kong",0.004851995336066499,tt0083658,1982,Free Enterprise (1998),tt0141105,1998,USA
199,Blade Runner (1982),"USA,Hong Kong",0.004851995336066499,tt0083658,1982,Gamer (2009),tt2217809,2009,USA
200,Blade Runner (1982),"USA,Hong Kong",0.004851995336066499,tt0083658,1982,Getting It On (1983),tt0085588,1983,USA
201,Blade Runner (1982),"USA,Hong Kong",0.004851995336066499,tt0083658,1982,Guardian of the Realm (2004),tt0361679,2004,USA
202,Blade Runner (1982),"USA,Hong Kong",0.004851995336066499,tt0083658,1982,Guardians of the Galaxy (2014),tt2015381,2014,USA
203,Blade Runner (1982),"USA,Hong Kong",0.004851995336066499,tt0083658,1982,Her (2013),tt1798709,2013,USA
204,Blade Runner (1982),"USA,Hong Kong",0.004851995336066499,tt0083658,1982,Hollywood Homicide (2003),tt0329717,2003,USA
205,Blade Runner (1982),"USA,Hong Kong",0.004851995336066499,tt0083658,1982,Hunter Prey (2010),tt1270291,2010,USA
206,Blade Runner (1982),"USA,Hong Kong",0.004851995336066499,tt0083658,1982,Hunting Grounds (2009),tt1540423,2009,USA
207,Blade Runner (1982),"USA,Hong Kong",0.004851995336066499,tt0083658,1982,Lady Avenger (1988),tt0097703,1988,USA
208,Blade Runner (1982),"USA,Hong Kong",0.004851995336066499,tt0083658,1982,Jodorowsky's Dune (2013),tt1935156,2013,USA
209,Blade Runner (1982),"USA,Hong Kong",0.004851995336066499,tt0083658,1982,Lawnmower Man 2: Beyond Cyberspace (1996),tt0116839,1996,USA
210,Blade Runner (1982),"USA,Hong Kong",0.004851995336066499,tt0083658,1982,Libertaria (2013),tt3174208,2013,USA
211,Blade Runner (1982),"USA,Hong Kong",0.004851995336066499,tt0083658,1982,"Lo and Behold, Reveries of the Connected World (2016)",tt5275828,2016,USA
212,Blade Runner (1982),"USA,Hong Kong",0.004851995336066499,tt0083658,1982,Los Angeles Plays Itself (2003),tt0379357,2003,USA
213,Blade Runner (1982),"USA,Hong Kong",0.004851995336066499,tt0083658,1982,The Thirteenth Floor (1999),tt0139809,1999,USA
214,Blade Runner (1982),"USA,Hong Kong",0.004851995336066499,tt0083658,1982,Murder Party (2007),tt0878695,2007,USA
215,Blade Runner (1982),"USA,Hong Kong",0.004851995336066499,tt0083658,1982,Neon Maniacs (1986),tt0127045,1986,USA
216,Blade Runner (1982),"USA,Hong Kong",0.004851995336066499,tt0083658,1982,Ninja Cheerleaders (2008),tt0972857,2008,USA
217,Blade Runner (1982),"USA,Hong Kong",0.004851995336066499,tt0083658,1982,Pterodactyl (2005),tt0452668,2005,USA
218,Blade Runner (1982),"USA,Hong Kong",0.004851995336066499,tt0083658,1982,Red Cockroaches (2003),tt0389313,2003,USA
219,Blade Runner (1982),"USA,Hong Kong",0.004851995336066499,tt0083658,1982,Rogue One (2016),tt3748528,2016,USA
220,Blade Runner (1982),"USA,Hong Kong",0.004851995336066499,tt0083658,1982,Spitfire (1995),tt0111264,1995,USA
221,Blade Runner (1982),"USA,Hong Kong",0.004851995336066499,tt0083658,1982,Super Troopers (2001),tt0247745,2001,USA
222,Blade Runner (1982),"USA,Hong Kong",0.004851995336066499,tt0083658,1982,Tainted (1998),tt0128690,1998,USA
223,Blade Runner (1982),"USA,Hong Kong",0.004851995336066499,tt0083658,1982,Tales from the Warner Bros. Lot (2013),tt2547622,2013,USA
224,Blade Runner (1982),"USA,Hong Kong",0.004851995336066499,tt0083658,1982,Terminator Genisys (2015),tt1340138,2015,USA
225,Blade Runner (1982),"USA,Hong Kong",0.004851995336066499,tt0083658,1982,The 24th Day (2004),tt0246404,2004,USA
226,Blade Runner (1982),"USA,Hong Kong",0.004851995336066499,tt0083658,1982,The People vs. George Lucas (2010),tt1325014,2010,USA
227,Blade Runner (1982),"USA,Hong Kong",0.004851995336066499,tt0083658,1982,The Prince & Me (2004),tt0337697,2004,USA
228,Blade Runner (1982),"USA,Hong Kong",0.004851995336066499,tt0083658,1982,The Ten (2007),tt0811106,2007,USA
229,Blade Runner (1982),"USA,Hong Kong",0.004851995336066499,tt0083658,1982,The Untitled Star Wars Mockumentary (2003),tt0466264,2003,USA
230,Blade Runner (1982),"USA,Hong Kong",0.004851995336066499,tt0083658,1982,These Amazing Shadows (2011),tt1273222,2011,USA
231,Blade Runner (1982),"USA,Hong Kong",0.004851995336066499,tt0083658,1982,Traceroute (2016),tt4490762,2016,USA
232,Blade Runner (1982),"USA,Hong Kong",0.004851995336066499,tt0083658,1982,Universal Soldier: Regeneration (2009),tt1288403,2009,USA
233,Blade Runner (1982),"USA,Hong Kong",0.004851995336066499,tt0083658,1982,Unknown White Male (2005),tt0436864,2005,USA
234,Blade Runner (1982),"USA,Hong Kong",0.004851995336066499,tt0083658,1982,While We're Young (2014),tt1791682,2014,USA
235,Blade Runner (1982),"USA,Hong Kong",0.004851995336066499,tt0083658,1982,The Zombie Horror Picture Show (2014),tt4036514,2014,USA
236,Enter the Dragon (1973),"Hong Kong,USA",0.003573174859893933,tt0070034,1973,Balls of Fury (2007),tt0424823,2007,USA
237,Enter the Dragon (1973),"Hong Kong,USA",0.003573174859893933,tt0070034,1973,Littleman (2006),tt0430304,2006,USA
238,Enter the Dragon (1973),"Hong Kong,USA",0.003573174859893933,tt0070034,1973,10 to Midnight (1983),tt0085121,1983,USA
239,Enter the Dragon (1973),"Hong Kong,USA",0.003573174859893933,tt0070034,1973,Saturday Night Fever (1977),tt0076666,1977,USA
240,Enter the Dragon (1973),"Hong Kong,USA",0.003573174859893933,tt0070034,1973,Star Wars: Episode I - The Phantom Menace (1999),tt0120915,1999,USA
241,Enter the Dragon (1973),"Hong Kong,USA",0.003573174859893933,tt0070034,1973,Boogie Nights (1997),tt0118749,1997,USA
242,Enter the Dragon (1973),"Hong Kong,USA",0.003573174859893933,tt0070034,1973,Lethal Weapon 4 (1998),tt0122151,1998,USA
243,Enter the Dragon (1973),"Hong Kong,USA",0.003573174859893933,tt0070034,1973,The Lion King (1994),tt14571278,1994,USA
244,Enter the Dragon (1973),"Hong Kong,USA",0.003573174859893933,tt0070034,1973,X-Men (2000),tt0120903,2000,USA
245,Enter the Dragon (1973),"Hong Kong,USA",0.003573174859893933,tt0070034,1973,The Matrix (1999),tt0133093,1999,USA
246,Enter the Dragon (1973),"Hong Kong,USA",0.003573174859893933,tt0070034,1973,Gladiator (2000),tt0172495,2000,USA
247,Enter the Dragon (1973),"Hong Kong,USA",0.003573174859893933,tt0070034,1973,Star Wars: Episode II - Attack of the Clones (2002),tt0121765,2002,USA
248,Enter the Dragon (1973),"Hong Kong,USA",0.003573174859893933,tt0070034,1973,Adjust Your Tracking (2013),tt2395133,2013,USA
249,Enter the Dragon (1973),"Hong Kong,USA",0.003573174859893933,tt0070034,1973,Dynamite Brothers (1974),tt0132933,1974,USA
250,Enter the Dragon (1973),"Hong Kong,USA",0.003573174859893933,tt0070034,1973,It Lives Again (1978),tt0077756,1978,USA
251,Enter the Dragon (1973),"Hong Kong,USA",0.003573174859893933,tt0070034,1973,The Green Hornet (2011),tt0990407,2011,USA
252,Enter the Dragon (1973),"Hong Kong,USA",0.003573174859893933,tt0070034,1973,The Kentucky Fried Movie (1977),tt0076257,1977,USA
253,Enter the Dragon (1973),"Hong Kong,USA",0.003573174859893933,tt0070034,1973,Rush Hour (1998),tt0120812,1998,USA
254,Enter the Dragon (1973),"Hong Kong,USA",0.003573174859893933,tt0070034,1973,Austin Powers: The Spy Who Shagged Me (1999),tt0145660,1999,USA
255,Enter the Dragon (1973),"Hong Kong,USA",0.003573174859893933,tt0070034,1973,Alice Goodbody (1974),tt0072625,1974,USA
256,Enter the Dragon (1973),"Hong Kong,USA",0.003573174859893933,tt0070034,1973,Black Dynamite (2009),tt1190536,2009,USA
257,Enter the Dragon (1973),"Hong Kong,USA",0.003573174859893933,tt0070034,1973,Dumb and Dumber (1994),tt0109686,1994,USA
258,Enter the Dragon (1973),"Hong Kong,USA",0.003573174859893933,tt0070034,1973,Bloodsport (1988),tt0092675,1988,USA
259,Enter the Dragon (1973),"Hong Kong,USA",0.003573174859893933,tt0070034,1973,Undercover Brother (2002),tt0279493,2002,USA
260,Enter the Dragon (1973),"Hong Kong,USA",0.003573174859893933,tt0070034,1973,The Wild Life (1984),tt0088402,1984,USA
261,Enter the Dragon (1973),"Hong Kong,USA",0.003573174859893933,tt0070034,1973,I Still Know What You Did Last Summer (1998),tt0130018,1998,USA
262,Enter the Dragon (1973),"Hong Kong,USA",0.003573174859893933,tt0070034,1973,Dragon: The Bruce Lee Story (1993),tt0106770,1993,USA
263,Enter the Dragon (1973),"Hong Kong,USA",0.003573174859893933,tt0070034,1973,The Shadow (1994),tt0111143,1994,USA
264,Enter the Dragon (1973),"Hong Kong,USA",0.003573174859893933,tt0070034,1973,The Crow (1994),tt0109506,1994,USA
265,Enter the Dragon (1973),"Hong Kong,USA",0.003573174859893933,tt0070034,1973,Beverly Hills Ninja (1997),tt0118708,1997,USA
266,Enter the Dragon (1973),"Hong Kong,USA",0.003573174859893933,tt0070034,1973,Film Geek (2005),tt0443506,2005,USA
267,Enter the Dragon (1973),"Hong Kong,USA",0.003573174859893933,tt0070034,1973,Mortal Kombat (1995),tt0113855,1995,USA
268,Enter the Dragon (1973),"Hong Kong,USA",0.003573174859893933,tt0070034,1973,Blood and Bone (2009),tt0346631,2009,USA
269,Enter the Dragon (1973),"Hong Kong,USA",0.003573174859893933,tt0070034,1973,Bloodbrothers (1978),tt0078878,1978,USA
270,Enter the Dragon (1973),"Hong Kong,USA",0.003573174859893933,tt0070034,1973,Bloodfist II (1990),tt0099155,1990,USA
271,Enter the Dragon (1973),"Hong Kong,USA",0.003573174859893933,tt0070034,1973,Chicken Run (2000),tt0120630,2000,USA
272,Enter the Dragon (1973),"Hong Kong,USA",0.003573174859893933,tt0070034,1973,Certified Mail (1974),tt0123650,1974,USA
273,Enter the Dragon (1973),"Hong Kong,USA",0.003573174859893933,tt0070034,1973,Conan the Destroyer (1984),tt0087078,1984,USA
274,Enter the Dragon (1973),"Hong Kong,USA",0.003573174859893933,tt0070034,1973,Finishing the Game: The Search for a New Bruce Lee (2007),tt0843850,2007,USA
275,Enter the Dragon (1973),"Hong Kong,USA",0.003573174859893933,tt0070034,1973,Cop Out (2010),tt1385867,2010,USA
276,Enter the Dragon (1973),"Hong Kong,USA",0.003573174859893933,tt0070034,1973,Couples Retreat (2009),tt1078940,2009,USA
277,Enter the Dragon (1973),"Hong Kong,USA",0.003573174859893933,tt0070034,1973,The Pink Panther Strikes Again (1976),tt0075066,1976,USA
278,Enter the Dragon (1973),"Hong Kong,USA",0.003573174859893933,tt0070034,1973,DOA: Dead or Alive (2006),tt0398913,2006,USA
279,Enter the Dragon (1973),"Hong Kong,USA",0.003573174859893933,tt0070034,1973,Deadbeat at Dawn (1988),tt0099377,1988,USA
280,Enter the Dragon (1973),"Hong Kong,USA",0.003573174859893933,tt0070034,1973,The Love Guru (2008),tt0811138,2008,USA
281,Enter the Dragon (1973),"Hong Kong,USA",0.003573174859893933,tt0070034,1973,Domino (2005),tt0421054,2005,USA
282,Enter the Dragon (1973),"Hong Kong,USA",0.003573174859893933,tt0070034,1973,Dreamscape (1984),tt0087175,1984,USA
283,Enter the Dragon (1973),"Hong Kong,USA",0.003573174859893933,tt0070034,1973,Drillbit Taylor (2008),tt0817538,2008,USA
284,Enter the Dragon (1973),"Hong Kong,USA",0.003573174859893933,tt0070034,1973,Enter Another Dragon (1981),tt0082331,1981,USA
285,Enter the Dragon (1973),"Hong Kong,USA",0.003573174859893933,tt0070034,1973,Epic Movie (2007),tt0799949,2007,USA
286,Enter the Dragon (1973),"Hong Kong,USA",0.003573174859893933,tt0070034,1973,Eurocrime! The Italian Cop and Gangster Films That Ruled the '70s (2012),tt2015367,2012,USA
287,Enter the Dragon (1973),"Hong Kong,USA",0.003573174859893933,tt0070034,1973,The Master of Disguise (2002),tt0295427,2002,USA
288,Enter the Dragon (1973),"Hong Kong,USA",0.003573174859893933,tt0070034,1973,Films of Fury: The Kung Fu Movie Movie (2011),tt1779401,2011,USA
289,Enter the Dragon (1973),"Hong Kong,USA",0.003573174859893933,tt0070034,1973,Tango & Cash (1989),tt0098439,1989,USA
290,Enter the Dragon (1973),"Hong Kong,USA",0.003573174859893933,tt0070034,1973,Hot Shots! Part Deux (1993),tt0107144,1993,USA
291,Enter the Dragon (1973),"Hong Kong,USA",0.003573174859893933,tt0070034,1973,Gemini Affair (1975),tt0071543,1975,USA
292,Enter the Dragon (1973),"Hong Kong,USA",0.003573174859893933,tt0070034,1973,Inside Deep Throat (2005),tt0418753,2005,USA
293,Enter the Dragon (1973),"Hong Kong,USA",0.003573174859893933,tt0070034,1973,Inspector Gadget (1999),tt0141369,1999,USA
294,Enter the Dragon (1973),"Hong Kong,USA",0.003573174859893933,tt0070034,1973,Kung Phooey! (2003),tt0282667,2003,USA
295,Enter the Dragon (1973),"Hong Kong,USA",0.003573174859893933,tt0070034,1973,The Last Dragon (1985),tt0089461,1985,USA
296,Enter the Dragon (1973),"Hong Kong,USA",0.003573174859893933,tt0070034,1973,The Million Dollar Hotel (2000),tt0120753,2000,USA
297,Enter the Dragon (1973),"Hong Kong,USA",0.003573174859893933,tt0070034,1973,Nightmare Alley (2010),tt1620557,2010,USA
298,Enter the Dragon (1973),"Hong Kong,USA",0.003573174859893933,tt0070034,1973,Rugrats in Paris: The Movie - Rugrats II (2000),tt0213203,2000,USA
299,Enter the Dragon (1973),"Hong Kong,USA",0.003573174859893933,tt0070034,1973,Stripped to Kill (1987),tt0094061,1987,USA
300,Enter the Dragon (1973),"Hong Kong,USA",0.003573174859893933,tt0070034,1973,Shafted! (2000),tt0147486,2000,USA
301,Enter the Dragon (1973),"Hong Kong,USA",0.003573174859893933,tt0070034,1973,Sledge: The Untold Story (2005),tt0337887,2005,USA
302,Enter the Dragon (1973),"Hong Kong,USA",0.003573174859893933,tt0070034,1973,The Adventures of Sebastian Cole (1998),tt0168449,1998,USA
303,Enter the Dragon (1973),"Hong Kong,USA",0.003573174859893933,tt0070034,1973,The Boss Baby (2017),tt3874544,2017,USA
304,Enter the Dragon (1973),"Hong Kong,USA",0.003573174859893933,tt0070034,1973,The Slanted Screen (2006),tt0760185,2006,USA
305,Enter the Dragon (1973),"Hong Kong,USA",0.003573174859893933,tt0070034,1973,They Call Me Bruce? (1982),tt0084786,1982,USA
306,Enter the Dragon (1973),"Hong Kong,USA",0.003573174859893933,tt0070034,1973,Whipped (2000),tt0994993,2000,USA
307,Shichinin no samurai (1954),Japan,0.0018806183473125964,tt0047478,1954,Star Wars (1977),tt0076759,1977,USA
308,Shichinin no samurai (1954),Japan,0.0018806183473125964,tt0047478,1954,Star Wars: Episode I - The Phantom Menace (1999),tt0120915,1999,USA
309,Shichinin no samurai (1954),Japan,0.0018806183473125964,tt0047478,1954,The Lord of the Rings: The Two Towers (2002),tt0167261,2002,USA
310,Shichinin no samurai (1954),Japan,0.0018806183473125964,tt0047478,1954,A Bug's Life (1998),tt6705128,1998,USA
311,Shichinin no samurai (1954),Japan,0.0018806183473125964,tt0047478,1954,Star Wars: Episode VI - Return of the Jedi (1983),tt0086190,1983,USA
312,Shichinin no samurai (1954),Japan,0.0018806183473125964,tt0047478,1954,The Wild Bunch (1969),tt0065214,1969,USA
313,Shichinin no samurai (1954),Japan,0.0018806183473125964,tt0047478,1954,The Magnificent Seven (1960),tt0054047,1960,USA
314,Shichinin no samurai (1954),Japan,0.0018806183473125964,tt0047478,1954,¡Three Amigos! (1986),tt0092086,1986,USA
315,Shichinin no samurai (1954),Japan,0.0018806183473125964,tt0047478,1954,A Century of Cinema (1994),tt0109390,1994,USA
316,Shichinin no samurai (1954),Japan,0.0018806183473125964,tt0047478,1954,Battle Beyond the Stars (1980),tt0080421,1980,USA
317,Shichinin no samurai (1954),Japan,0.0018806183473125964,tt0047478,1954,Django Unchained (2012),tt1853728,2012,USA
318,Shichinin no samurai (1954),Japan,0.0018806183473125964,tt0047478,1954,Saving Private Ryan (1998),tt0120815,1998,USA
319,Shichinin no samurai (1954),Japan,0.0018806183473125964,tt0047478,1954,Star Wars: Episode II - Attack of the Clones (2002),tt0121765,2002,USA
320,Shichinin no samurai (1954),Japan,0.0018806183473125964,tt0047478,1954,The Matrix Revolutions (2003),tt0242653,2003,USA
321,Shichinin no samurai (1954),Japan,0.0018806183473125964,tt0047478,1954,Star Wars: Episode III - Revenge of the Sith (2005),tt0121766,2005,USA
322,Shichinin no samurai (1954),Japan,0.0018806183473125964,tt0047478,1954,Alferd Packer: The Musical (1993),tt0115819,1993,USA
323,Shichinin no samurai (1954),Japan,0.0018806183473125964,tt0047478,1954,Batman v Superman: Dawn of Justice (2016),tt2975590,2016,USA
324,Shichinin no samurai (1954),Japan,0.0018806183473125964,tt0047478,1954,Conan the Barbarian (1982),tt0082198,1982,USA
325,Shichinin no samurai (1954),Japan,0.0018806183473125964,tt0047478,1954,The Crow (1994),tt0109506,1994,USA
326,Shichinin no samurai (1954),Japan,0.0018806183473125964,tt0047478,1954,Film Geek (2005),tt0443506,2005,USA
327,Shichinin no samurai (1954),Japan,0.0018806183473125964,tt0047478,1954,Showdown in Little Tokyo (1991),tt0102915,1991,USA
328,Shichinin no samurai (1954),Japan,0.0018806183473125964,tt0047478,1954,Dillinger (1973),tt0069976,1973,USA
329,Shichinin no samurai (1954),Japan,0.0018806183473125964,tt0047478,1954,Escape from Chernobourg (1999),tt0188600,1999,USA
330,Shichinin no samurai (1954),Japan,0.0018806183473125964,tt0047478,1954,Evil Dead (2013),tt1288558,2013,USA
331,Shichinin no samurai (1954),Japan,0.0018806183473125964,tt0047478,1954,The Mexican (2001),tt0236493,2001,USA
332,Shichinin no samurai (1954),Japan,0.0018806183473125964,tt0047478,1954,The 13th Warrior (1999),tt0120657,1999,USA
333,Shichinin no samurai (1954),Japan,0.0018806183473125964,tt0047478,1954,Ironclad (2011),tt1233301,2011,USA
334,Shichinin no samurai (1954),Japan,0.0018806183473125964,tt0047478,1954,Kill a Dragon (1967),tt0180781,1967,USA
335,Shichinin no samurai (1954),Japan,0.0018806183473125964,tt0047478,1954,Men of War (1994),tt0110490,1994,USA
336,Shichinin no samurai (1954),Japan,0.0018806183473125964,tt0047478,1954,Predators (2010),tt1424381,2010,USA
337,Shichinin no samurai (1954),Japan,0.0018806183473125964,tt0047478,1954,Rewind This! (2013),tt2395970,2013,USA
338,Shichinin no samurai (1954),Japan,0.0018806183473125964,tt0047478,1954,Screen Test (1985),tt0091909,1985,USA
339,Shichinin no samurai (1954),Japan,0.0018806183473125964,tt0047478,1954,Second Sight (1989),tt0098276,1989,USA
340,Shichinin no samurai (1954),Japan,0.0018806183473125964,tt0047478,1954,The Legend of Hercules (2014),tt1043726,2014,USA
341,Shichinin no samurai (1954),Japan,0.0018806183473125964,tt0047478,1954,The Magnificent Seven (2016),tt2404435,2016,USA
342,Wo hu cang long (2000),"Taiwan,Hong Kong,USA,China",0.0017677812464738406,tt0190332,2000,Shrek (2001),tt0126029,2001,USA
343,Wo hu cang long (2000),"Taiwan,Hong Kong,USA,China",0.0017677812464738406,tt0190332,2000,Mr. & Mrs. Smith (2005),tt0356910,2005,USA
344,Wo hu cang long (2000),"Taiwan,Hong Kong,USA,China",0.0017677812464738406,tt0190332,2000,Kill Bill: Vol. 1 (2003),tt0266697,2003,USA
345,Wo hu cang long (2000),"Taiwan,Hong Kong,USA,China",0.0017677812464738406,tt0190332,2000,Pirates of the Caribbean: The Curse of the Black Pearl (2003),tt0325980,2003,USA
346,Wo hu cang long (2000),"Taiwan,Hong Kong,USA,China",0.0017677812464738406,tt0190332,2000,Zombieland (2009),tt1156398,2009,USA
347,Wo hu cang long (2000),"Taiwan,Hong Kong,USA,China",0.0017677812464738406,tt0190332,2000,Spider-Man (2002),tt0145487,2002,USA
348,Wo hu cang long (2000),"Taiwan,Hong Kong,USA,China",0.0017677812464738406,tt0190332,2000,Scary Movie (2000),tt0175142,2000,USA
349,Wo hu cang long (2000),"Taiwan,Hong Kong,USA,China",0.0017677812464738406,tt0190332,2000,Adjust Your Tracking (2013),tt2395133,2013,USA
350,Wo hu cang long (2000),"Taiwan,Hong Kong,USA,China",0.0017677812464738406,tt0190332,2000,Hulk (2003),tt0286716,2003,USA
351,Wo hu cang long (2000),"Taiwan,Hong Kong,USA,China",0.0017677812464738406,tt0190332,2000,American Pie 2 (2001),tt0252866,2001,USA
352,Wo hu cang long (2000),"Taiwan,Hong Kong,USA,China",0.0017677812464738406,tt0190332,2000,All That I Need (2005),tt0439434,2005,USA
353,Wo hu cang long (2000),"Taiwan,Hong Kong,USA,China",0.0017677812464738406,tt0190332,2000,Scary Movie 2 (2001),tt0257106,2001,USA
354,Wo hu cang long (2000),"Taiwan,Hong Kong,USA,China",0.0017677812464738406,tt0190332,2000,Scooby-Doo (2002),tt0267913,2002,USA
355,Wo hu cang long (2000),"Taiwan,Hong Kong,USA,China",0.0017677812464738406,tt0190332,2000,Austin Powers in Goldmember (2002),tt0295178,2002,USA
356,Wo hu cang long (2000),"Taiwan,Hong Kong,USA,China",0.0017677812464738406,tt0190332,2000,Jay and Silent Bob Strike Back (2001),tt0261392,2001,USA
357,Wo hu cang long (2000),"Taiwan,Hong Kong,USA,China",0.0017677812464738406,tt0190332,2000,Blade II (2002),tt0187738,2002,USA
358,Wo hu cang long (2000),"Taiwan,Hong Kong,USA,China",0.0017677812464738406,tt0190332,2000,Charlie's Angels: Full Throttle (2003),tt0305357,2003,USA
359,Wo hu cang long (2000),"Taiwan,Hong Kong,USA,China",0.0017677812464738406,tt0190332,2000,Film Geek (2005),tt0443506,2005,USA
360,Wo hu cang long (2000),"Taiwan,Hong Kong,USA,China",0.0017677812464738406,tt0190332,2000,The Holiday (2006),tt0457939,2006,USA
361,Wo hu cang long (2000),"Taiwan,Hong Kong,USA,China",0.0017677812464738406,tt0190332,2000,The Matrix Reloaded (2003),tt0234215,2003,USA
362,Wo hu cang long (2000),"Taiwan,Hong Kong,USA,China",0.0017677812464738406,tt0190332,2000,Being George Clooney (2016),tt3562572,2016,USA
363,Wo hu cang long (2000),"Taiwan,Hong Kong,USA,China",0.0017677812464738406,tt0190332,2000,Bulletproof Monk (2003),tt0245803,2003,USA
364,Wo hu cang long (2000),"Taiwan,Hong Kong,USA,China",0.0017677812464738406,tt0190332,2000,Cats & Dogs (2001),tt0239395,2001,USA
365,Wo hu cang long (2000),"Taiwan,Hong Kong,USA,China",0.0017677812464738406,tt0190332,2000,Cleanflix (2009),tt1007026,2009,USA
366,Wo hu cang long (2000),"Taiwan,Hong Kong,USA,China",0.0017677812464738406,tt0190332,2000,Harry Potter and the Chamber of Secrets (2002),tt0295297,2002,USA
367,Wo hu cang long (2000),"Taiwan,Hong Kong,USA,China",0.0017677812464738406,tt0190332,2000,Old School (2003),tt0302886,2003,USA
368,Wo hu cang long (2000),"Taiwan,Hong Kong,USA,China",0.0017677812464738406,tt0190332,2000,Films of Fury: The Kung Fu Movie Movie (2011),tt1779401,2011,USA
369,Wo hu cang long (2000),"Taiwan,Hong Kong,USA,China",0.0017677812464738406,tt0190332,2000,Front Cover (2015),tt3185602,2015,USA
370,Wo hu cang long (2000),"Taiwan,Hong Kong,USA,China",0.0017677812464738406,tt0190332,2000,The Mummy Returns (2001),tt0209163,2001,USA
371,Wo hu cang long (2000),"Taiwan,Hong Kong,USA,China",0.0017677812464738406,tt0190332,2000,Gnomeo & Juliet (2011),tt0377981,2011,USA
372,Wo hu cang long (2000),"Taiwan,Hong Kong,USA,China",0.0017677812464738406,tt0190332,2000,Spy Kids (2001),tt0227538,2001,USA
373,Wo hu cang long (2000),"Taiwan,Hong Kong,USA,China",0.0017677812464738406,tt0190332,2000,Hoodwinked Too! Hood vs. Evil (2011),tt0844993,2011,USA
374,Wo hu cang long (2000),"Taiwan,Hong Kong,USA,China",0.0017677812464738406,tt0190332,2000,Joe Somebody (2001),tt0279889,2001,USA
375,Wo hu cang long (2000),"Taiwan,Hong Kong,USA,China",0.0017677812464738406,tt0190332,2000,Kung Phooey! (2003),tt0282667,2003,USA
376,Wo hu cang long (2000),"Taiwan,Hong Kong,USA,China",0.0017677812464738406,tt0190332,2000,Me and Earl and the Dying Girl (2015),tt2582496,2015,USA
377,Wo hu cang long (2000),"Taiwan,Hong Kong,USA,China",0.0017677812464738406,tt0190332,2000,Rush Hour 3 (2007),tt0293564,2007,USA
378,Wo hu cang long (2000),"Taiwan,Hong Kong,USA,China",0.0017677812464738406,tt0190332,2000,Witless Protection (2008),tt1001562,2008,USA
379,Mosura (1961),Japan,0.0016925565125813368,tt0055198,1961,Bio-Dome (1996),tt0115683,1996,USA
380,Mosura (1961),Japan,0.0016925565125813368,tt0055198,1961,Comic-Con Episode IV: A Fan's Hope (2011),tt1605782,2011,USA
381,Mosura (1961),Japan,0.0016925565125813368,tt0055198,1961,Men in Black II (2002),tt0120912,2002,USA
382,Mosura (1961),Japan,0.0016925565125813368,tt0055198,1961,Malibu's Most Wanted (2003),tt0328099,2003,USA
383,Mosura (1961),Japan,0.0016925565125813368,tt0055198,1961,Marilyn Hotchkiss' Ballroom Dancing & Charm School (2005),tt0409034,2005,USA
384,Mosura (1961),Japan,0.0016925565125813368,tt0055198,1961,Monsters vs. Aliens (2009),tt0892782,2009,USA
385,Mosura (1961),Japan,0.0016925565125813368,tt0055198,1961,My Soul to Take (2010),tt0872230,2010,USA
386,Mosura (1961),Japan,0.0016925565125813368,tt0055198,1961,RiffTrax Live: Manos - The Hands of Fate (2012),tt2183080,2012,USA
387,Mosura (1961),Japan,0.0016925565125813368,tt0055198,1961,The American Nightmare (2000),tt0259182,2000,USA
388,Mosura (1961),Japan,0.0016925565125813368,tt0055198,1961,The Haunted Mansion (2003),tt0338094,2003,USA
389,Sora no daikaijû Radon (1956),Japan,0.0016173317786888329,tt0049782,1956,Blue Sunshine (1977),tt0074226,1977,USA
390,Sora no daikaijû Radon (1956),Japan,0.0016173317786888329,tt0049782,1956,Suburban Commando (1991),tt0103003,1991,USA
391,Sora no daikaijû Radon (1956),Japan,0.0016173317786888329,tt0049782,1956,The Nutty Professor (1996),tt0117218,1996,USA
392,Sora no daikaijû Radon (1956),Japan,0.0016173317786888329,tt0049782,1956,Reign of Fire (2002),tt0253556,2002,USA
393,Sora no daikaijû Radon (1956),Japan,0.0016173317786888329,tt0049782,1956,For Colored Girls (2010),tt1405500,2010,USA
394,Sora no daikaijû Radon (1956),Japan,0.0016173317786888329,tt0049782,1956,Frankenweenie (2012),tt1142977,2012,USA
395,Sora no daikaijû Radon (1956),Japan,0.0016173317786888329,tt0049782,1956,Intent to Kill (1958),tt0051781,1958,USA
396,Sora no daikaijû Radon (1956),Japan,0.0016173317786888329,tt0049782,1956,Invasion Earth: The Aliens Are Here (1988),tt0093272,1988,USA
397,Sora no daikaijû Radon (1956),Japan,0.0016173317786888329,tt0049782,1956,Marilyn Hotchkiss' Ballroom Dancing & Charm School (2005),tt0409034,2005,USA
398,Sora no daikaijû Radon (1956),Japan,0.0016173317786888329,tt0049782,1956,To Be Takei (2014),tt2174896,2014,USA
399,Kingu Kongu tai Gojira (1962),"Japan,USA",0.0015797194117425808,tt13364334,1962,Freddy vs. Jason (2003),tt0329101,2003,USA
400,Kingu Kongu tai Gojira (1962),"Japan,USA",0.0015797194117425808,tt13364334,1962,Adjust Your Tracking (2013),tt2395133,2013,USA
401,Kingu Kongu tai Gojira (1962),"Japan,USA",0.0015797194117425808,tt13364334,1962,Beavis and Butt-Head Do America (1996),tt0115641,1996,USA
402,Kingu Kongu tai Gojira (1962),"Japan,USA",0.0015797194117425808,tt13364334,1962,Crank: High Voltage (2009),tt1121931,2009,USA
403,Kingu Kongu tai Gojira (1962),"Japan,USA",0.0015797194117425808,tt13364334,1962,Dahmer vs. Gacy (2010),tt1335986,2010,USA
404,Kingu Kongu tai Gojira (1962),"Japan,USA",0.0015797194117425808,tt13364334,1962,King Kong (2005),tt0360717,2005,USA
405,Kingu Kongu tai Gojira (1962),"Japan,USA",0.0015797194117425808,tt13364334,1962,Godzilla vs. Kong (2020),tt5034838,2020,USA
406,Kingu Kongu tai Gojira (1962),"Japan,USA",0.0015797194117425808,tt13364334,1962,Hoodwinked Too! Hood vs. Evil (2011),tt0844993,2011,USA
407,Kingu Kongu tai Gojira (1962),"Japan,USA",0.0015797194117425808,tt13364334,1962,Invasion Earth: The Aliens Are Here (1988),tt0093272,1988,USA
408,Kingu Kongu tai Gojira (1962),"Japan,USA",0.0015797194117425808,tt13364334,1962,Snuff: A Documentary About Killing on Camera (2008),tt1237926,2008,USA
409,Kingu Kongu tai Gojira (1962),"Japan,USA",0.0015797194117425808,tt13364334,1962,Terror in the Aisles (1984),tt0088249,1984,USA
410,Kingu Kongu tai Gojira (1962),"Japan,USA",0.0015797194117425808,tt13364334,1962,The Fields (2011),tt1401236,2011,USA
411,Yôjinbô (1961),Japan,0.0014292699439575733,tt0055630,1961,Star Wars (1977),tt0076759,1977,USA
412,Yôjinbô (1961),Japan,0.0014292699439575733,tt0055630,1961,Rising Sun (1993),tt0107969,1993,USA
413,Yôjinbô (1961),Japan,0.0014292699439575733,tt0055630,1961,Kill Bill: Vol. 1 (2003),tt0266697,2003,USA
414,Yôjinbô (1961),Japan,0.0014292699439575733,tt0055630,1961,Raiders of the Lost Ark (1981),tt0082971,1981,USA
415,Yôjinbô (1961),Japan,0.0014292699439575733,tt0055630,1961,The Warriors (1979),tt0080120,1979,USA
416,Yôjinbô (1961),Japan,0.0014292699439575733,tt0055630,1961,A Million Ways to Die in the West (2014),tt2557490,2014,USA
417,Yôjinbô (1961),Japan,0.0014292699439575733,tt0055630,1961,The Princess Bride (1987),tt0093779,1987,USA
418,Yôjinbô (1961),Japan,0.0014292699439575733,tt0055630,1961,American Beauty (1999),tt0169547,1999,USA
419,Yôjinbô (1961),Japan,0.0014292699439575733,tt0055630,1961,Brainscan (1994),tt0109327,1994,USA
420,Yôjinbô (1961),Japan,0.0014292699439575733,tt0055630,1961,Punisher: War Zone (2008),tt0450314,2008,USA
421,Yôjinbô (1961),Japan,0.0014292699439575733,tt0055630,1961,Miller's Crossing (1990),tt0100150,1990,USA
422,Yôjinbô (1961),Japan,0.0014292699439575733,tt0055630,1961,Desperate Living (1977),tt0075936,1977,USA
423,Yôjinbô (1961),Japan,0.0014292699439575733,tt0055630,1961,Last Man Standing (1996),tt0116830,1996,USA
424,Yôjinbô (1961),Japan,0.0014292699439575733,tt0055630,1961,Beantown (2007),tt0981215,2007,USA
425,Yôjinbô (1961),Japan,0.0014292699439575733,tt0055630,1961,Black Sunshine: Conversations with T.F. Mou (2011),tt1544579,2011,USA
426,Yôjinbô (1961),Japan,0.0014292699439575733,tt0055630,1961,The Bodyguard (1992),tt0103855,1992,USA
427,Yôjinbô (1961),Japan,0.0014292699439575733,tt0055630,1961,Wild at Heart (1990),tt0100935,1990,USA
428,Yôjinbô (1961),Japan,0.0014292699439575733,tt0055630,1961,Support Your Local Gunfighter (1971),tt0067809,1971,USA
429,Yôjinbô (1961),Japan,0.0014292699439575733,tt0055630,1961,Mars Attacks! (1996),tt0116996,1996,USA
430,Yôjinbô (1961),Japan,0.0014292699439575733,tt0055630,1961,EuroTrip (2004),tt0356150,2004,USA
431,Yôjinbô (1961),Japan,0.0014292699439575733,tt0055630,1961,The Warrior and the Sorceress (1984),tt0088379,1984,USA
432,Yôjinbô (1961),Japan,0.0014292699439575733,tt0055630,1961,Kubo and the Two Strings (2016),tt4302938,2016,USA
433,Yôjinbô (1961),Japan,0.0014292699439575733,tt0055630,1961,Legend of the Phantom Rider (2002),tt0210223,2002,USA
434,Yôjinbô (1961),Japan,0.0014292699439575733,tt0055630,1961,Lucky Number Slevin (2006),tt0425210,2006,USA
435,Yôjinbô (1961),Japan,0.0014292699439575733,tt0055630,1961,Sydney White (2007),tt0815244,2007,USA
436,Yôjinbô (1961),Japan,0.0014292699439575733,tt0055630,1961,Zeitgeist (2004),tt4591094,2004,USA
437,Akira (1988),Japan,0.0013916575770113212,tt0094625,1988,Dark City (1998),tt0118929,1998,USA
438,Akira (1988),Japan,0.0013916575770113212,tt0094625,1988,Star Wars: Episode I - The Phantom Menace (1999),tt0120915,1999,USA
439,Akira (1988),Japan,0.0013916575770113212,tt0094625,1988,Inception (2010),tt1375666,2010,USA
440,Akira (1988),Japan,0.0013916575770113212,tt0094625,1988,Heat (1995),tt0113277,1995,USA
441,Akira (1988),Japan,0.0013916575770113212,tt0094625,1988,The Matrix (1999),tt0133093,1999,USA
442,Akira (1988),Japan,0.0013916575770113212,tt0094625,1988,Star Wars: Episode II - Attack of the Clones (2002),tt0121765,2002,USA
443,Akira (1988),Japan,0.0013916575770113212,tt0094625,1988,AMV Hell 3: The Motion Picture (2005),tt5230508,2005,USA
444,Akira (1988),Japan,0.0013916575770113212,tt0094625,1988,The Matrix Revolutions (2003),tt0242653,2003,USA
445,Akira (1988),Japan,0.0013916575770113212,tt0094625,1988,Star Wars: Episode III - Revenge of the Sith (2005),tt0121766,2005,USA
446,Akira (1988),Japan,0.0013916575770113212,tt0094625,1988,Hulk (2003),tt0286716,2003,USA
447,Akira (1988),Japan,0.0013916575770113212,tt0094625,1988,Adventures in Plymptoons! (2011),tt1691448,2011,USA
448,Akira (1988),Japan,0.0013916575770113212,tt0094625,1988,Terminator 3: Rise of the Machines (2003),tt0181852,2003,USA
449,Akira (1988),Japan,0.0013916575770113212,tt0094625,1988,Minority Report (2002),tt0181689,2002,USA
450,Akira (1988),Japan,0.0013916575770113212,tt0094625,1988,Batman: Mask of the Phantasm (1993),tt0106364,1993,USA
451,Akira (1988),Japan,0.0013916575770113212,tt0094625,1988,Daredevil (2003),tt0287978,2003,USA
452,Akira (1988),Japan,0.0013916575770113212,tt0094625,1988,Die Another Day (2002),tt0246460,2002,USA
453,Akira (1988),Japan,0.0013916575770113212,tt0094625,1988,The Matrix Reloaded (2003),tt0234215,2003,USA
454,Akira (1988),Japan,0.0013916575770113212,tt0094625,1988,The Ring Two (2005),tt0377109,2005,USA
455,Akira (1988),Japan,0.0013916575770113212,tt0094625,1988,Big Hero 6 (2014),tt2245084,2014,USA
456,Akira (1988),Japan,0.0013916575770113212,tt0094625,1988,Chronicle (2012),tt1706593,2012,USA
457,Akira (1988),Japan,0.0013916575770113212,tt0094625,1988,We Are the Strange (2007),tt0923985,2007,USA
458,Akira (1988),Japan,0.0013916575770113212,tt0094625,1988,Lawnmower Man 2: Beyond Cyberspace (1996),tt0116839,1996,USA
459,Akira (1988),Japan,0.0013916575770113212,tt0094625,1988,Ready Player One (2018),tt1677720,2018,USA
460,Akira (1988),Japan,0.0013916575770113212,tt0094625,1988,Sunset Rock (2016),tt3863420,2016,USA
461,Akira (1988),Japan,0.0013916575770113212,tt0094625,1988,Traceroute (2016),tt4490762,2016,USA
462,Akira (1988),Japan,0.0013916575770113212,tt0094625,1988,Xenobites (2008),tt1287363,2008,USA
