Film,Country,Citation Count,Film tconst,Film Year,Citing Film,Citing Film tconst,Citing Film Year,Citing Film Country
Gojira (1954),Japan,0.006920675518110354,tt0047034,1954,Homeward Bound: The Incredible Journey (1993),tt0107131,1993,USA
Gojira (1954),Japan,0.006920675518110354,tt0047034,1954,Armageddon (1998),tt0120591,1998,USA
Gojira (1954),Japan,0.006920675518110354,tt0047034,1954,Killer Klowns from Outer Space (1988),tt0095444,1988,USA
Gojira (1954),Japan,0.006920675518110354,tt0047034,1954,Pacific Rim (2013),tt1663662,2013,USA
Gojira (1954),Japan,0.006920675518110354,tt0047034,1954,Street Trash (1987),tt0094057,1987,USA
Gojira (1954),Japan,0.006920675518110354,tt0047034,1954,The Iron Giant (1999),tt0129167,1999,USA
Gojira (1954),Japan,0.006920675518110354,tt0047034,1954,The Amazing Spider-Man (2012),tt0948470,2012,USA
Gojira (1954),Japan,0.006920675518110354,tt0047034,1954,Kronos (1957),tt0050610,1957,USA
Gojira (1954),Japan,0.006920675518110354,tt0047034,1954,The ABCs of Death (2012),tt1935896,2012,USA
Gojira (1954),Japan,0.006920675518110354,tt0047034,1954,Moulin Rouge! (2001),tt0203009,2001,USA
Gojira (1954),Japan,0.006920675518110354,tt0047034,1954,That Man Bolt (1973),tt0070787,1973,USA
Gojira (1954),Japan,0.006920675518110354,tt0047034,1954,Remote Control (1988),tt0093843,1988,USA
Gojira (1954),Japan,0.006920675518110354,tt0047034,1954,Halloween: The Curse of Michael Myers (1995),tt0113253,1995,USA
Gojira (1954),Japan,0.006920675518110354,tt0047034,1954,Honey I Blew Up the Kid (1992),tt0104437,1992,USA
Gojira (1954),Japan,0.006920675518110354,tt0047034,1954,Serial Mom (1994),tt0111127,1994,USA
Gojira (1954),Japan,0.006920675518110354,tt0047034,1954,Stay Tuned (1992),tt0105466,1992,USA
Gojira (1954),Japan,0.006920675518110354,tt0047034,1954,Suburban Commando (1991),tt0103003,1991,USA
Gojira (1954),Japan,0.006920675518110354,tt0047034,1954,The Last American Virgin (1982),tt0084234,1982,USA
Gojira (1954),Japan,0.006920675518110354,tt0047034,1954,Troll (1986),tt0092115,1986,USA
Gojira (1954),Japan,0.006920675518110354,tt0047034,1954,Vice Versa (1988),tt0096380,1988,USA
Gojira (1954),Japan,0.006920675518110354,tt0047034,1954,Adventures in Dinosaur City (1991),tt0103621,1991,USA
Gojira (1954),Japan,0.006920675518110354,tt0047034,1954,Airplane II: The Sequel (1982),tt0083530,1982,USA
Gojira (1954),Japan,0.006920675518110354,tt0047034,1954,Charlie's Angels (2000),tt0160127,2000,USA
Gojira (1954),Japan,0.006920675518110354,tt0047034,1954,The Nutty Professor (1996),tt0117218,1996,USA
Gojira (1954),Japan,0.006920675518110354,tt0047034,1954,Child's Play (1988),tt0094862,1988,USA
Gojira (1954),Japan,0.006920675518110354,tt0047034,1954,Hollywood Boulevard (1976),tt0074633,1976,USA
Gojira (1954),Japan,0.006920675518110354,tt0047034,1954,Beneath the Valley of the Ultra-Vixens (1979),tt0078846,1979,USA
Gojira (1954),Japan,0.006920675518110354,tt0047034,1954,The Great Santini (1979),tt0079239,1979,USA
Gojira (1954),Japan,0.006920675518110354,tt0047034,1954,American Raspberry (1977),tt0162854,1977,USA
Gojira (1954),Japan,0.006920675518110354,tt0047034,1954,The Hangover (2009),tt1119646,2009,USA
Gojira (1954),Japan,0.006920675518110354,tt0047034,1954,Another Gay Movie (2006),tt0443431,2006,USA
Gojira (1954),Japan,0.006920675518110354,tt0047034,1954,Toy Story 2 (1999),tt0120363,1999,USA
Gojira (1954),Japan,0.006920675518110354,tt0047034,1954,Another Gay Sequel: Gays Gone Wild! (2008),tt1051981,2008,USA
Gojira (1954),Japan,0.006920675518110354,tt0047034,1954,Tomorrowland (2015),tt7728220,2015,USA
Gojira (1954),Japan,0.006920675518110354,tt0047034,1954,Mystery Science Theater 3000: The Movie (1996),tt0117128,1996,USA
Gojira (1954),Japan,0.006920675518110354,tt0047034,1954,The Lost World: Jurassic Park (1997),tt0119567,1997,USA
Gojira (1954),Japan,0.006920675518110354,tt0047034,1954,Austin Powers in Goldmember (2002),tt0295178,2002,USA
Gojira (1954),Japan,0.006920675518110354,tt0047034,1954,Bad Biology (2008),tt0974977,2008,USA
Gojira (1954),Japan,0.006920675518110354,tt0047034,1954,Dumb and Dumberer: When Harry Met Lloyd (2003),tt0329028,2003,USA
Gojira (1954),Japan,0.006920675518110354,tt0047034,1954,Film Geek (2005),tt0443506,2005,USA
Gojira (1954),Japan,0.006920675518110354,tt0047034,1954,The Simpsons Movie (2007),tt0462538,2007,USA
Gojira (1954),Japan,0.006920675518110354,tt0047034,1954,Beavis and Butt-Head Do America (1996),tt0115641,1996,USA
Gojira (1954),Japan,0.006920675518110354,tt0047034,1954,Michael Clayton (2007),tt0465538,2007,USA
Gojira (1954),Japan,0.006920675518110354,tt0047034,1954,Big (1988),tt0094737,1988,USA
Gojira (1954),Japan,0.006920675518110354,tt0047034,1954,The Monster Squad (1987),tt0093560,1987,USA
Gojira (1954),Japan,0.006920675518110354,tt0047034,1954,Lilo & Stitch (2002),tt0275847,2002,USA
Gojira (1954),Japan,0.006920675518110354,tt0047034,1954,Journey 2: The Mysterious Island (2012),tt1397514,2012,USA
Gojira (1954),Japan,0.006920675518110354,tt0047034,1954,Transylvania 6-5000 (1985),tt0090196,1985,USA
Gojira (1954),Japan,0.006920675518110354,tt0047034,1954,The Green Mile (1999),tt0120689,1999,USA
Gojira (1954),Japan,0.006920675518110354,tt0047034,1954,The Making of '...And God Spoke' (1993),tt0107492,1993,USA
Gojira (1954),Japan,0.006920675518110354,tt0047034,1954,You Light Up My Life (1977),tt0076941,1977,USA
Gojira (1954),Japan,0.006920675518110354,tt0047034,1954,Gung Ho (1986),tt0091159,1986,USA
Gojira (1954),Japan,0.006920675518110354,tt0047034,1954,Chasing Ghosts: Beyond the Arcade (2007),tt0479879,2007,USA
Gojira (1954),Japan,0.006920675518110354,tt0047034,1954,Cheerleader Ninjas (2002),tt0235280,2002,USA
Gojira (1954),Japan,0.006920675518110354,tt0047034,1954,Chillerama (2011),tt1727252,2011,USA
Gojira (1954),Japan,0.006920675518110354,tt0047034,1954,Christmas in Compton (2012),tt1957867,2012,USA
Gojira (1954),Japan,0.006920675518110354,tt0047034,1954,Chromeskull: Laid to Rest 2 (2011),tt1792799,2011,USA
Gojira (1954),Japan,0.006920675518110354,tt0047034,1954,The Toxic Avenger Part II (1989),tt0098503,1989,USA
Gojira (1954),Japan,0.006920675518110354,tt0047034,1954,Class of Nuke 'Em High Part II: Subhumanoid Meltdown (1991),tt0101591,1991,USA
Gojira (1954),Japan,0.006920675518110354,tt0047034,1954,Collision Course (1989),tt0097081,1989,USA
Gojira (1954),Japan,0.006920675518110354,tt0047034,1954,Comic Book Confidential (1988),tt0094897,1988,USA
Gojira (1954),Japan,0.006920675518110354,tt0047034,1954,Things to Do in Denver When You're Dead (1995),tt0114660,1995,USA
Gojira (1954),Japan,0.006920675518110354,tt0047034,1954,Contagion (2011),tt1598778,2011,USA
Gojira (1954),Japan,0.006920675518110354,tt0047034,1954,Cooties (2014),tt2490326,2014,USA
Gojira (1954),Japan,0.006920675518110354,tt0047034,1954,Cop Out (2010),tt1385867,2010,USA
Gojira (1954),Japan,0.006920675518110354,tt0047034,1954,Coraline (2009),tt0327597,2009,USA
Gojira (1954),Japan,0.006920675518110354,tt0047034,1954,Corman's World: Exploits of a Hollywood Rebel (2011),tt1185371,2011,USA
Gojira (1954),Japan,0.006920675518110354,tt0047034,1954,Kazaam (1996),tt0116756,1996,USA
Gojira (1954),Japan,0.006920675518110354,tt0047034,1954,Dead End (1985),tt0131260,1985,USA
Gojira (1954),Japan,0.006920675518110354,tt0047034,1954,Disaster! (2005),tt0424958,2005,USA
Gojira (1954),Japan,0.006920675518110354,tt0047034,1954,Divine Trash (1998),tt0150338,1998,USA
Gojira (1954),Japan,0.006920675518110354,tt0047034,1954,Doug's 1st Movie (1999),tt0187819,1999,USA
Gojira (1954),Japan,0.006920675518110354,tt0047034,1954,Drive Thru (2007),tt0466766,2007,USA
Gojira (1954),Japan,0.006920675518110354,tt0047034,1954,Electric Apricot (2006),tt0482499,2006,USA
Gojira (1954),Japan,0.006920675518110354,tt0047034,1954,Escape from Planet Earth (2013),tt0765446,2013,USA
Gojira (1954),Japan,0.006920675518110354,tt0047034,1954,Fakin' Da Funk (1997),tt0119097,1997,USA
Gojira (1954),Japan,0.006920675518110354,tt0047034,1954,FartZilla (2014),tt2841528,2014,USA
Gojira (1954),Japan,0.006920675518110354,tt0047034,1954,Waking Up in Reno (2002),tt0219400,2002,USA
Gojira (1954),Japan,0.006920675518110354,tt0047034,1954,Mousehunt (1997),tt0119715,1997,USA
Gojira (1954),Japan,0.006920675518110354,tt0047034,1954,Frankenweenie (2012),tt1142977,2012,USA
Gojira (1954),Japan,0.006920675518110354,tt0047034,1954,Night of the Demons 2 (1994),tt0110667,1994,USA
Gojira (1954),Japan,0.006920675518110354,tt0047034,1954,Gettin' It (2006),tt0483631,2006,USA
Gojira (1954),Japan,0.006920675518110354,tt0047034,1954,Glitch! (1988),tt0095222,1988,USA
Gojira (1954),Japan,0.006920675518110354,tt0047034,1954,Godzilla 2001 (2001),tt0317584,2001,USA
Gojira (1954),Japan,0.006920675518110354,tt0047034,1954,Mikey (1992),tt0104870,1992,USA
Gojira (1954),Japan,0.006920675518110354,tt0047034,1954,Gorp (1980),tt0080809,1980,USA
Gojira (1954),Japan,0.006920675518110354,tt0047034,1954,We Are the Strange (2007),tt0923985,2007,USA
Gojira (1954),Japan,0.006920675518110354,tt0047034,1954,I Hope They Serve Beer in Hell (2009),tt1220628,2009,USA
Gojira (1954),Japan,0.006920675518110354,tt0047034,1954,Ice Age: Dawn of the Dinosaurs (2009),tt1080016,2009,USA
Gojira (1954),Japan,0.006920675518110354,tt0047034,1954,Inspector Gadget (1999),tt0141369,1999,USA
Gojira (1954),Japan,0.006920675518110354,tt0047034,1954,Jack (1996),tt0356752,1996,USA
Gojira (1954),Japan,0.006920675518110354,tt0047034,1954,Jake's Booty Call (2003),tt0416873,2003,USA
Gojira (1954),Japan,0.006920675518110354,tt0047034,1954,One Crazy Summer (1986),tt0091680,1986,USA
Gojira (1954),Japan,0.006920675518110354,tt0047034,1954,The Mighty (1998),tt0119670,1998,USA
Gojira (1954),Japan,0.006920675518110354,tt0047034,1954,Killswitch (2014),tt5464234,2014,USA
Gojira (1954),Japan,0.006920675518110354,tt0047034,1954,Larry Crowne (2011),tt1583420,2011,USA
Gojira (1954),Japan,0.006920675518110354,tt0047034,1954,Life in a Day (2011),tt1887795,2011,USA
Gojira (1954),Japan,0.006920675518110354,tt0047034,1954,Little Big League (1994),tt0110363,1994,USA
Gojira (1954),Japan,0.006920675518110354,tt0047034,1954,Nick of Time (1995),tt0113972,1995,USA
Gojira (1954),Japan,0.006920675518110354,tt0047034,1954,Mad Money (2008),tt0951216,2008,USA
Gojira (1954),Japan,0.006920675518110354,tt0047034,1954,Marilyn Hotchkiss' Ballroom Dancing & Charm School (2005),tt0409034,2005,USA
Gojira (1954),Japan,0.006920675518110354,tt0047034,1954,Rush Hour 3 (2007),tt0293564,2007,USA
Gojira (1954),Japan,0.006920675518110354,tt0047034,1954,"Mirror, Mirror 2: Raven Dance (1994)",tt0110530,1994,USA
Gojira (1954),Japan,0.006920675518110354,tt0047034,1954,Misery Loves Company (2012),tt2326156,2012,USA
Gojira (1954),Japan,0.006920675518110354,tt0047034,1954,Monster Man (2003),tt0365513,2003,USA
Gojira (1954),Japan,0.006920675518110354,tt0047034,1954,My Science Project (1985),tt0089652,1985,USA
Gojira (1954),Japan,0.006920675518110354,tt0047034,1954,Nick and Norah's Infinite Playlist (2008),tt0981227,2008,USA
Gojira (1954),Japan,0.006920675518110354,tt0047034,1954,Persepolis (2007),tt0808417,2007,USA
Gojira (1954),Japan,0.006920675518110354,tt0047034,1954,Pig Hunt (2008),tt1022883,2008,USA
Gojira (1954),Japan,0.006920675518110354,tt0047034,1954,Prehysteria! (1993),tt0107870,1993,USA
Gojira (1954),Japan,0.006920675518110354,tt0047034,1954,Quest for Camelot (1998),tt0120800,1998,USA
Gojira (1954),Japan,0.006920675518110354,tt0047034,1954,Rugrats in Paris: The Movie - Rugrats II (2000),tt0213203,2000,USA
Gojira (1954),Japan,0.006920675518110354,tt0047034,1954,Rectuma (2003),tt0365674,2003,USA
Gojira (1954),Japan,0.006920675518110354,tt0047034,1954,Shark Night 3D (2011),tt1633356,2011,USA
Gojira (1954),Japan,0.006920675518110354,tt0047034,1954,Sky Captain and the World of Tomorrow (2004),tt0346156,2004,USA
Gojira (1954),Japan,0.006920675518110354,tt0047034,1954,Summer of Blood (2014),tt3625352,2014,USA
Gojira (1954),Japan,0.006920675518110354,tt0047034,1954,Team Hot Wheels: The Origin of Awesome! (2014),tt3823912,2014,USA
Gojira (1954),Japan,0.006920675518110354,tt0047034,1954,Ted 2 (2015),tt2637276,2015,USA
Gojira (1954),Japan,0.006920675518110354,tt0047034,1954,The American Nightmare (2000),tt0259182,2000,USA
Gojira (1954),Japan,0.006920675518110354,tt0047034,1954,"The Death of ""Superman Lives"": What Happened? (2015)",tt2753778,2015,USA
Gojira (1954),Japan,0.006920675518110354,tt0047034,1954,The Devil and Daniel Johnston (2005),tt0436231,2005,USA
Gojira (1954),Japan,0.006920675518110354,tt0047034,1954,The Doctor Disciples (1973),tt2069945,1973,USA
Gojira (1954),Japan,0.006920675518110354,tt0047034,1954,The LEGO Batman Movie (2017),tt4116284,2017,USA
Gojira (1954),Japan,0.006920675518110354,tt0047034,1954,The Runaways (2010),tt1017451,2010,USA
Gojira (1954),Japan,0.006920675518110354,tt0047034,1954,The Young and the Dead (2000),tt0259747,2000,USA
Gojira (1954),Japan,0.006920675518110354,tt0047034,1954,Waxwork II: Lost in Time (1992),tt0105792,1992,USA
Blade Runner (1982),"USA,Hong Kong",0.004851995336066499,tt0083658,1982,Superman III (1983),tt0086393,1983,USA
Blade Runner (1982),"USA,Hong Kong",0.004851995336066499,tt0083658,1982,The King of Comedy (1982),tt0085794,1982,USA
Blade Runner (1982),"USA,Hong Kong",0.004851995336066499,tt0083658,1982,Dark City (1998),tt0118929,1998,USA
Blade Runner (1982),"USA,Hong Kong",0.004851995336066499,tt0083658,1982,Star Wars: Episode I - The Phantom Menace (1999),tt0120915,1999,USA
Blade Runner (1982),"USA,Hong Kong",0.004851995336066499,tt0083658,1982,Clerks (1994),tt0109445,1994,USA
Blade Runner (1982),"USA,Hong Kong",0.004851995336066499,tt0083658,1982,24x36: A Movie About Movie Posters (2016),tt5003654,2016,USA
Blade Runner (1982),"USA,Hong Kong",0.004851995336066499,tt0083658,1982,Dredd (2012),tt1343727,2012,USA
Blade Runner (1982),"USA,Hong Kong",0.004851995336066499,tt0083658,1982,Pacific Rim (2013),tt1663662,2013,USA
Blade Runner (1982),"USA,Hong Kong",0.004851995336066499,tt0083658,1982,RoboCop (1987),tt0093870,1987,USA
Blade Runner (1982),"USA,Hong Kong",0.004851995336066499,tt0083658,1982,Underworld (2003),tt7969218,2003,USA
Blade Runner (1982),"USA,Hong Kong",0.004851995336066499,tt0083658,1982,Sin City (2005),tt0401792,2005,USA
Blade Runner (1982),"USA,Hong Kong",0.004851995336066499,tt0083658,1982,The Game (1997),tt16673588,1997,USA
Blade Runner (1982),"USA,Hong Kong",0.004851995336066499,tt0083658,1982,Lost in Space (1998),tt0120738,1998,USA
Blade Runner (1982),"USA,Hong Kong",0.004851995336066499,tt0083658,1982,Austin Powers: International Man of Mystery (1997),tt0118655,1997,USA
Blade Runner (1982),"USA,Hong Kong",0.004851995336066499,tt0083658,1982,Batman Begins (2005),tt0372784,2005,USA
Blade Runner (1982),"USA,Hong Kong",0.004851995336066499,tt0083658,1982,Star Wars: Episode II - Attack of the Clones (2002),tt0121765,2002,USA
Blade Runner (1982),"USA,Hong Kong",0.004851995336066499,tt0083658,1982,A Scanner Darkly (2006),tt0405296,2006,USA
Blade Runner (1982),"USA,Hong Kong",0.004851995336066499,tt0083658,1982,Demolition Man (1993),tt0106697,1993,USA
Blade Runner (1982),"USA,Hong Kong",0.004851995336066499,tt0083658,1982,Phenomenon (1996),tt0117333,1996,USA
Blade Runner (1982),"USA,Hong Kong",0.004851995336066499,tt0083658,1982,WALL·E (2008),tt0910970,2008,USA
Blade Runner (1982),"USA,Hong Kong",0.004851995336066499,tt0083658,1982,Alien: Covenant (2017),tt2316204,2017,USA
Blade Runner (1982),"USA,Hong Kong",0.004851995336066499,tt0083658,1982,Gattaca (1997),tt0119177,1997,USA
Blade Runner (1982),"USA,Hong Kong",0.004851995336066499,tt0083658,1982,America's Sweethearts (2001),tt0265029,2001,USA
Blade Runner (1982),"USA,Hong Kong",0.004851995336066499,tt0083658,1982,American Fork (2007),tt0790612,2007,USA
Blade Runner (1982),"USA,Hong Kong",0.004851995336066499,tt0083658,1982,The Hitcher (1986),tt0091209,1986,USA
Blade Runner (1982),"USA,Hong Kong",0.004851995336066499,tt0083658,1982,Back to the Future Part II (1989),tt0096874,1989,USA
Blade Runner (1982),"USA,Hong Kong",0.004851995336066499,tt0083658,1982,Ginger Snaps (2000),tt0210070,2000,USA
Blade Runner (1982),"USA,Hong Kong",0.004851995336066499,tt0083658,1982,Kill Bill: Vol. 2 (2004),tt0378194,2004,USA
Blade Runner (1982),"USA,Hong Kong",0.004851995336066499,tt0083658,1982,Last Action Hero (1993),tt0107362,1993,USA
Blade Runner (1982),"USA,Hong Kong",0.004851995336066499,tt0083658,1982,Mystery Science Theater 3000: The Movie (1996),tt0117128,1996,USA
Blade Runner (1982),"USA,Hong Kong",0.004851995336066499,tt0083658,1982,Minority Report (2002),tt0181689,2002,USA
Blade Runner (1982),"USA,Hong Kong",0.004851995336066499,tt0083658,1982,The Avengers (1998),tt0118661,1998,USA
Blade Runner (1982),"USA,Hong Kong",0.004851995336066499,tt0083658,1982,Fight Club (1999),tt0137523,1999,USA
Blade Runner (1982),"USA,Hong Kong",0.004851995336066499,tt0083658,1982,Equilibrium (2002),tt0238380,2002,USA
Blade Runner (1982),"USA,Hong Kong",0.004851995336066499,tt0083658,1982,Purple Rain (1984),tt0087957,1984,USA
Blade Runner (1982),"USA,Hong Kong",0.004851995336066499,tt0083658,1982,Batman & Robin (1997),tt0118688,1997,USA
Blade Runner (1982),"USA,Hong Kong",0.004851995336066499,tt0083658,1982,The Crow (1994),tt0109506,1994,USA
Blade Runner (1982),"USA,Hong Kong",0.004851995336066499,tt0083658,1982,Battlefield Earth (2000),tt0185183,2000,USA
Blade Runner (1982),"USA,Hong Kong",0.004851995336066499,tt0083658,1982,Be Kind Rewind (2008),tt0799934,2008,USA
Blade Runner (1982),"USA,Hong Kong",0.004851995336066499,tt0083658,1982,Judge Dredd (1995),tt0113492,1995,USA
Blade Runner (1982),"USA,Hong Kong",0.004851995336066499,tt0083658,1982,Mystery Men (1999),tt0132347,1999,USA
Blade Runner (1982),"USA,Hong Kong",0.004851995336066499,tt0083658,1982,Replicant (2001),tt0238552,2001,USA
Blade Runner (1982),"USA,Hong Kong",0.004851995336066499,tt0083658,1982,The 6th Day (2000),tt0216216,2000,USA
Blade Runner (1982),"USA,Hong Kong",0.004851995336066499,tt0083658,1982,Halloween: Resurrection (2002),tt0220506,2002,USA
Blade Runner (1982),"USA,Hong Kong",0.004851995336066499,tt0083658,1982,Identity (2003),tt0309698,2003,USA
Blade Runner (1982),"USA,Hong Kong",0.004851995336066499,tt0083658,1982,Tangled (2010),tt0398286,2010,USA
Blade Runner (1982),"USA,Hong Kong",0.004851995336066499,tt0083658,1982,Blade Runner 2049 (2017),tt1856101,2017,USA
Blade Runner (1982),"USA,Hong Kong",0.004851995336066499,tt0083658,1982,Blue Vengeance (1989),tt0205779,1989,USA
Blade Runner (1982),"USA,Hong Kong",0.004851995336066499,tt0083658,1982,The Perfect Storm (2000),tt0177971,2000,USA
Blade Runner (1982),"USA,Hong Kong",0.004851995336066499,tt0083658,1982,Impostor (2001),tt0160399,2001,USA
Blade Runner (1982),"USA,Hong Kong",0.004851995336066499,tt0083658,1982,Casualties (1997),tt0118827,1997,USA
Blade Runner (1982),"USA,Hong Kong",0.004851995336066499,tt0083658,1982,Cleanflix (2009),tt1007026,2009,USA
Blade Runner (1982),"USA,Hong Kong",0.004851995336066499,tt0083658,1982,Stardust (2007),tt11154898,2007,USA
Blade Runner (1982),"USA,Hong Kong",0.004851995336066499,tt0083658,1982,Crossing Over (2009),tt0924129,2009,USA
Blade Runner (1982),"USA,Hong Kong",0.004851995336066499,tt0083658,1982,Cyborg (1989),tt0097138,1989,USA
Blade Runner (1982),"USA,Hong Kong",0.004851995336066499,tt0083658,1982,Johnny Mnemonic (1995),tt0113481,1995,USA
Blade Runner (1982),"USA,Hong Kong",0.004851995336066499,tt0083658,1982,Strange Days (1995),tt0114558,1995,USA
Blade Runner (1982),"USA,Hong Kong",0.004851995336066499,tt0083658,1982,Desperate But Not Serious (2000),tt0160182,2000,USA
Blade Runner (1982),"USA,Hong Kong",0.004851995336066499,tt0083658,1982,Freejack (1992),tt0104299,1992,USA
Blade Runner (1982),"USA,Hong Kong",0.004851995336066499,tt0083658,1982,Drew: The Man Behind the Poster (2013),tt1486843,2013,USA
Blade Runner (1982),"USA,Hong Kong",0.004851995336066499,tt0083658,1982,Drillbit Taylor (2008),tt0817538,2008,USA
Blade Runner (1982),"USA,Hong Kong",0.004851995336066499,tt0083658,1982,Droid (1988),tt0289929,1988,USA
Blade Runner (1982),"USA,Hong Kong",0.004851995336066499,tt0083658,1982,Droid Gunner (1995),tt0112906,1995,USA
Blade Runner (1982),"USA,Hong Kong",0.004851995336066499,tt0083658,1982,Dungeons & Dragons (2000),tt0190374,2000,USA
Blade Runner (1982),"USA,Hong Kong",0.004851995336066499,tt0083658,1982,Enemy of the State (1998),tt0120660,1998,USA
Blade Runner (1982),"USA,Hong Kong",0.004851995336066499,tt0083658,1982,Eragon (2006),tt0449010,2006,USA
Blade Runner (1982),"USA,Hong Kong",0.004851995336066499,tt0083658,1982,Escapes (2017),tt6815320,2017,USA
Blade Runner (1982),"USA,Hong Kong",0.004851995336066499,tt0083658,1982,F/X (1986),tt0089118,1986,USA
Blade Runner (1982),"USA,Hong Kong",0.004851995336066499,tt0083658,1982,Face Eater (2008),tt1339085,2008,USA
Blade Runner (1982),"USA,Hong Kong",0.004851995336066499,tt0083658,1982,Fanboys (2009),tt0489049,2009,USA
Blade Runner (1982),"USA,Hong Kong",0.004851995336066499,tt0083658,1982,The Book of Eli (2010),tt1037705,2010,USA
Blade Runner (1982),"USA,Hong Kong",0.004851995336066499,tt0083658,1982,Film School Confidential (2002),tt0304008,2002,USA
Blade Runner (1982),"USA,Hong Kong",0.004851995336066499,tt0083658,1982,Free Enterprise (1998),tt0141105,1998,USA
Blade Runner (1982),"USA,Hong Kong",0.004851995336066499,tt0083658,1982,Gamer (2009),tt2217809,2009,USA
Blade Runner (1982),"USA,Hong Kong",0.004851995336066499,tt0083658,1982,Getting It On (1983),tt0085588,1983,USA
Blade Runner (1982),"USA,Hong Kong",0.004851995336066499,tt0083658,1982,Guardian of the Realm (2004),tt0361679,2004,USA
Blade Runner (1982),"USA,Hong Kong",0.004851995336066499,tt0083658,1982,Guardians of the Galaxy (2014),tt2015381,2014,USA
Blade Runner (1982),"USA,Hong Kong",0.004851995336066499,tt0083658,1982,Her (2013),tt1798709,2013,USA
Blade Runner (1982),"USA,Hong Kong",0.004851995336066499,tt0083658,1982,Hollywood Homicide (2003),tt0329717,2003,USA
Blade Runner (1982),"USA,Hong Kong",0.004851995336066499,tt0083658,1982,Hunter Prey (2010),tt1270291,2010,USA
Blade Runner (1982),"USA,Hong Kong",0.004851995336066499,tt0083658,1982,Hunting Grounds (2009),tt1540423,2009,USA
Blade Runner (1982),"USA,Hong Kong",0.004851995336066499,tt0083658,1982,Lady Avenger (1988),tt0097703,1988,USA
Blade Runner (1982),"USA,Hong Kong",0.004851995336066499,tt0083658,1982,Jodorowsky's Dune (2013),tt1935156,2013,USA
Blade Runner (1982),"USA,Hong Kong",0.004851995336066499,tt0083658,1982,Lawnmower Man 2: Beyond Cyberspace (1996),tt0116839,1996,USA
Blade Runner (1982),"USA,Hong Kong",0.004851995336066499,tt0083658,1982,Libertaria (2013),tt3174208,2013,USA
Blade Runner (1982),"USA,Hong Kong",0.004851995336066499,tt0083658,1982,"Lo and Behold, Reveries of the Connected World (2016)",tt5275828,2016,USA
Blade Runner (1982),"USA,Hong Kong",0.004851995336066499,tt0083658,1982,Los Angeles Plays Itself (2003),tt0379357,2003,USA
Blade Runner (1982),"USA,Hong Kong",0.004851995336066499,tt0083658,1982,The Thirteenth Floor (1999),tt0139809,1999,USA
Blade Runner (1982),"USA,Hong Kong",0.004851995336066499,tt0083658,1982,Murder Party (2007),tt0878695,2007,USA
Blade Runner (1982),"USA,Hong Kong",0.004851995336066499,tt0083658,1982,Neon Maniacs (1986),tt0127045,1986,USA
Blade Runner (1982),"USA,Hong Kong",0.004851995336066499,tt0083658,1982,Ninja Cheerleaders (2008),tt0972857,2008,USA
Blade Runner (1982),"USA,Hong Kong",0.004851995336066499,tt0083658,1982,Pterodactyl (2005),tt0452668,2005,USA
Blade Runner (1982),"USA,Hong Kong",0.004851995336066499,tt0083658,1982,Red Cockroaches (2003),tt0389313,2003,USA
Blade Runner (1982),"USA,Hong Kong",0.004851995336066499,tt0083658,1982,Rogue One (2016),tt3748528,2016,USA
Blade Runner (1982),"USA,Hong Kong",0.004851995336066499,tt0083658,1982,Spitfire (1995),tt0111264,1995,USA
Blade Runner (1982),"USA,Hong Kong",0.004851995336066499,tt0083658,1982,Super Troopers (2001),tt0247745,2001,USA
Blade Runner (1982),"USA,Hong Kong",0.004851995336066499,tt0083658,1982,Tainted (1998),tt0128690,1998,USA
Blade Runner (1982),"USA,Hong Kong",0.004851995336066499,tt0083658,1982,Tales from the Warner Bros. Lot (2013),tt2547622,2013,USA
Blade Runner (1982),"USA,Hong Kong",0.004851995336066499,tt0083658,1982,Terminator Genisys (2015),tt1340138,2015,USA
Blade Runner (1982),"USA,Hong Kong",0.004851995336066499,tt0083658,1982,The 24th Day (2004),tt0246404,2004,USA
Blade Runner (1982),"USA,Hong Kong",0.004851995336066499,tt0083658,1982,The People vs. George Lucas (2010),tt1325014,2010,USA
Blade Runner (1982),"USA,Hong Kong",0.004851995336066499,tt0083658,1982,The Prince & Me (2004),tt0337697,2004,USA
Blade Runner (1982),"USA,Hong Kong",0.004851995336066499,tt0083658,1982,The Ten (2007),tt0811106,2007,USA
Blade Runner (1982),"USA,Hong Kong",0.004851995336066499,tt0083658,1982,The Untitled Star Wars Mockumentary (2003),tt0466264,2003,USA
Blade Runner (1982),"USA,Hong Kong",0.004851995336066499,tt0083658,1982,These Amazing Shadows (2011),tt1273222,2011,USA
Blade Runner (1982),"USA,Hong Kong",0.004851995336066499,tt0083658,1982,Traceroute (2016),tt4490762,2016,USA
Blade Runner (1982),"USA,Hong Kong",0.004851995336066499,tt0083658,1982,Universal Soldier: Regeneration (2009),tt1288403,2009,USA
Blade Runner (1982),"USA,Hong Kong",0.004851995336066499,tt0083658,1982,Unknown White Male (2005),tt0436864,2005,USA
Blade Runner (1982),"USA,Hong Kong",0.004851995336066499,tt0083658,1982,While We're Young (2014),tt1791682,2014,USA
Blade Runner (1982),"USA,Hong Kong",0.004851995336066499,tt0083658,1982,The Zombie Horror Picture Show (2014),tt4036514,2014,USA
Enter the Dragon (1973),"Hong Kong,USA",0.003573174859893933,tt0070034,1973,Balls of Fury (2007),tt0424823,2007,USA
Enter the Dragon (1973),"Hong Kong,USA",0.003573174859893933,tt0070034,1973,Littleman (2006),tt0430304,2006,USA
Enter the Dragon (1973),"Hong Kong,USA",0.003573174859893933,tt0070034,1973,10 to Midnight (1983),tt0085121,1983,USA
Enter the Dragon (1973),"Hong Kong,USA",0.003573174859893933,tt0070034,1973,Saturday Night Fever (1977),tt0076666,1977,USA
Enter the Dragon (1973),"Hong Kong,USA",0.003573174859893933,tt0070034,1973,Star Wars: Episode I - The Phantom Menace (1999),tt0120915,1999,USA
Enter the Dragon (1973),"Hong Kong,USA",0.003573174859893933,tt0070034,1973,Boogie Nights (1997),tt0118749,1997,USA
Enter the Dragon (1973),"Hong Kong,USA",0.003573174859893933,tt0070034,1973,Lethal Weapon 4 (1998),tt0122151,1998,USA
Enter the Dragon (1973),"Hong Kong,USA",0.003573174859893933,tt0070034,1973,The Lion King (1994),tt14571278,1994,USA
Enter the Dragon (1973),"Hong Kong,USA",0.003573174859893933,tt0070034,1973,X-Men (2000),tt0120903,2000,USA
Enter the Dragon (1973),"Hong Kong,USA",0.003573174859893933,tt0070034,1973,The Matrix (1999),tt0133093,1999,USA
Enter the Dragon (1973),"Hong Kong,USA",0.003573174859893933,tt0070034,1973,Gladiator (2000),tt0172495,2000,USA
Enter the Dragon (1973),"Hong Kong,USA",0.003573174859893933,tt0070034,1973,Star Wars: Episode II - Attack of the Clones (2002),tt0121765,2002,USA
Enter the Dragon (1973),"Hong Kong,USA",0.003573174859893933,tt0070034,1973,Adjust Your Tracking (2013),tt2395133,2013,USA
Enter the Dragon (1973),"Hong Kong,USA",0.003573174859893933,tt0070034,1973,Dynamite Brothers (1974),tt0132933,1974,USA
Enter the Dragon (1973),"Hong Kong,USA",0.003573174859893933,tt0070034,1973,It Lives Again (1978),tt0077756,1978,USA
Enter the Dragon (1973),"Hong Kong,USA",0.003573174859893933,tt0070034,1973,The Green Hornet (2011),tt0990407,2011,USA
Enter the Dragon (1973),"Hong Kong,USA",0.003573174859893933,tt0070034,1973,The Kentucky Fried Movie (1977),tt0076257,1977,USA
Enter the Dragon (1973),"Hong Kong,USA",0.003573174859893933,tt0070034,1973,Rush Hour (1998),tt0120812,1998,USA
Enter the Dragon (1973),"Hong Kong,USA",0.003573174859893933,tt0070034,1973,Austin Powers: The Spy Who Shagged Me (1999),tt0145660,1999,USA
Enter the Dragon (1973),"Hong Kong,USA",0.003573174859893933,tt0070034,1973,Alice Goodbody (1974),tt0072625,1974,USA
Enter the Dragon (1973),"Hong Kong,USA",0.003573174859893933,tt0070034,1973,Black Dynamite (2009),tt1190536,2009,USA
Enter the Dragon (1973),"Hong Kong,USA",0.003573174859893933,tt0070034,1973,Dumb and Dumber (1994),tt0109686,1994,USA
Enter the Dragon (1973),"Hong Kong,USA",0.003573174859893933,tt0070034,1973,Bloodsport (1988),tt0092675,1988,USA
Enter the Dragon (1973),"Hong Kong,USA",0.003573174859893933,tt0070034,1973,Undercover Brother (2002),tt0279493,2002,USA
Enter the Dragon (1973),"Hong Kong,USA",0.003573174859893933,tt0070034,1973,The Wild Life (1984),tt0088402,1984,USA
Enter the Dragon (1973),"Hong Kong,USA",0.003573174859893933,tt0070034,1973,I Still Know What You Did Last Summer (1998),tt0130018,1998,USA
Enter the Dragon (1973),"Hong Kong,USA",0.003573174859893933,tt0070034,1973,Dragon: The Bruce Lee Story (1993),tt0106770,1993,USA
Enter the Dragon (1973),"Hong Kong,USA",0.003573174859893933,tt0070034,1973,The Shadow (1994),tt0111143,1994,USA
Enter the Dragon (1973),"Hong Kong,USA",0.003573174859893933,tt0070034,1973,The Crow (1994),tt0109506,1994,USA
Enter the Dragon (1973),"Hong Kong,USA",0.003573174859893933,tt0070034,1973,Beverly Hills Ninja (1997),tt0118708,1997,USA
Enter the Dragon (1973),"Hong Kong,USA",0.003573174859893933,tt0070034,1973,Film Geek (2005),tt0443506,2005,USA
Enter the Dragon (1973),"Hong Kong,USA",0.003573174859893933,tt0070034,1973,Mortal Kombat (1995),tt0113855,1995,USA
Enter the Dragon (1973),"Hong Kong,USA",0.003573174859893933,tt0070034,1973,Blood and Bone (2009),tt0346631,2009,USA
Enter the Dragon (1973),"Hong Kong,USA",0.003573174859893933,tt0070034,1973,Bloodbrothers (1978),tt0078878,1978,USA
Enter the Dragon (1973),"Hong Kong,USA",0.003573174859893933,tt0070034,1973,Bloodfist II (1990),tt0099155,1990,USA
Enter the Dragon (1973),"Hong Kong,USA",0.003573174859893933,tt0070034,1973,Chicken Run (2000),tt0120630,2000,USA
Enter the Dragon (1973),"Hong Kong,USA",0.003573174859893933,tt0070034,1973,Certified Mail (1974),tt0123650,1974,USA
Enter the Dragon (1973),"Hong Kong,USA",0.003573174859893933,tt0070034,1973,Conan the Destroyer (1984),tt0087078,1984,USA
Enter the Dragon (1973),"Hong Kong,USA",0.003573174859893933,tt0070034,1973,Finishing the Game: The Search for a New Bruce Lee (2007),tt0843850,2007,USA
Enter the Dragon (1973),"Hong Kong,USA",0.003573174859893933,tt0070034,1973,Cop Out (2010),tt1385867,2010,USA
Enter the Dragon (1973),"Hong Kong,USA",0.003573174859893933,tt0070034,1973,Couples Retreat (2009),tt1078940,2009,USA
Enter the Dragon (1973),"Hong Kong,USA",0.003573174859893933,tt0070034,1973,The Pink Panther Strikes Again (1976),tt0075066,1976,USA
Enter the Dragon (1973),"Hong Kong,USA",0.003573174859893933,tt0070034,1973,DOA: Dead or Alive (2006),tt0398913,2006,USA
Enter the Dragon (1973),"Hong Kong,USA",0.003573174859893933,tt0070034,1973,Deadbeat at Dawn (1988),tt0099377,1988,USA
Enter the Dragon (1973),"Hong Kong,USA",0.003573174859893933,tt0070034,1973,The Love Guru (2008),tt0811138,2008,USA
Enter the Dragon (1973),"Hong Kong,USA",0.003573174859893933,tt0070034,1973,Domino (2005),tt0421054,2005,USA
Enter the Dragon (1973),"Hong Kong,USA",0.003573174859893933,tt0070034,1973,Dreamscape (1984),tt0087175,1984,USA
Enter the Dragon (1973),"Hong Kong,USA",0.003573174859893933,tt0070034,1973,Drillbit Taylor (2008),tt0817538,2008,USA
Enter the Dragon (1973),"Hong Kong,USA",0.003573174859893933,tt0070034,1973,Enter Another Dragon (1981),tt0082331,1981,USA
Enter the Dragon (1973),"Hong Kong,USA",0.003573174859893933,tt0070034,1973,Epic Movie (2007),tt0799949,2007,USA
Enter the Dragon (1973),"Hong Kong,USA",0.003573174859893933,tt0070034,1973,Eurocrime! The Italian Cop and Gangster Films That Ruled the '70s (2012),tt2015367,2012,USA
Enter the Dragon (1973),"Hong Kong,USA",0.003573174859893933,tt0070034,1973,The Master of Disguise (2002),tt0295427,2002,USA
Enter the Dragon (1973),"Hong Kong,USA",0.003573174859893933,tt0070034,1973,Films of Fury: The Kung Fu Movie Movie (2011),tt1779401,2011,USA
Enter the Dragon (1973),"Hong Kong,USA",0.003573174859893933,tt0070034,1973,Tango & Cash (1989),tt0098439,1989,USA
Enter the Dragon (1973),"Hong Kong,USA",0.003573174859893933,tt0070034,1973,Hot Shots! Part Deux (1993),tt0107144,1993,USA
Enter the Dragon (1973),"Hong Kong,USA",0.003573174859893933,tt0070034,1973,Gemini Affair (1975),tt0071543,1975,USA
Enter the Dragon (1973),"Hong Kong,USA",0.003573174859893933,tt0070034,1973,Inside Deep Throat (2005),tt0418753,2005,USA
Enter the Dragon (1973),"Hong Kong,USA",0.003573174859893933,tt0070034,1973,Inspector Gadget (1999),tt0141369,1999,USA
Enter the Dragon (1973),"Hong Kong,USA",0.003573174859893933,tt0070034,1973,Kung Phooey! (2003),tt0282667,2003,USA
Enter the Dragon (1973),"Hong Kong,USA",0.003573174859893933,tt0070034,1973,The Last Dragon (1985),tt0089461,1985,USA
Enter the Dragon (1973),"Hong Kong,USA",0.003573174859893933,tt0070034,1973,The Million Dollar Hotel (2000),tt0120753,2000,USA
Enter the Dragon (1973),"Hong Kong,USA",0.003573174859893933,tt0070034,1973,Nightmare Alley (2010),tt1620557,2010,USA
Enter the Dragon (1973),"Hong Kong,USA",0.003573174859893933,tt0070034,1973,Rugrats in Paris: The Movie - Rugrats II (2000),tt0213203,2000,USA
Enter the Dragon (1973),"Hong Kong,USA",0.003573174859893933,tt0070034,1973,Stripped to Kill (1987),tt0094061,1987,USA
Enter the Dragon (1973),"Hong Kong,USA",0.003573174859893933,tt0070034,1973,Shafted! (2000),tt0147486,2000,USA
Enter the Dragon (1973),"Hong Kong,USA",0.003573174859893933,tt0070034,1973,Sledge: The Untold Story (2005),tt0337887,2005,USA
Enter the Dragon (1973),"Hong Kong,USA",0.003573174859893933,tt0070034,1973,The Adventures of Sebastian Cole (1998),tt0168449,1998,USA
Enter the Dragon (1973),"Hong Kong,USA",0.003573174859893933,tt0070034,1973,The Boss Baby (2017),tt3874544,2017,USA
Enter the Dragon (1973),"Hong Kong,USA",0.003573174859893933,tt0070034,1973,The Slanted Screen (2006),tt0760185,2006,USA
Enter the Dragon (1973),"Hong Kong,USA",0.003573174859893933,tt0070034,1973,They Call Me Bruce? (1982),tt0084786,1982,USA
Enter the Dragon (1973),"Hong Kong,USA",0.003573174859893933,tt0070034,1973,Whipped (2000),tt0994993,2000,USA
Shichinin no samurai (1954),Japan,0.0018806183473125964,tt0047478,1954,Star Wars (1977),tt0076759,1977,USA
Shichinin no samurai (1954),Japan,0.0018806183473125964,tt0047478,1954,Star Wars: Episode I - The Phantom Menace (1999),tt0120915,1999,USA
Shichinin no samurai (1954),Japan,0.0018806183473125964,tt0047478,1954,The Lord of the Rings: The Two Towers (2002),tt0167261,2002,USA
Shichinin no samurai (1954),Japan,0.0018806183473125964,tt0047478,1954,A Bug's Life (1998),tt6705128,1998,USA
Shichinin no samurai (1954),Japan,0.0018806183473125964,tt0047478,1954,Star Wars: Episode VI - Return of the Jedi (1983),tt0086190,1983,USA
Shichinin no samurai (1954),Japan,0.0018806183473125964,tt0047478,1954,The Wild Bunch (1969),tt0065214,1969,USA
Shichinin no samurai (1954),Japan,0.0018806183473125964,tt0047478,1954,The Magnificent Seven (1960),tt0054047,1960,USA
Shichinin no samurai (1954),Japan,0.0018806183473125964,tt0047478,1954,¡Three Amigos! (1986),tt0092086,1986,USA
Shichinin no samurai (1954),Japan,0.0018806183473125964,tt0047478,1954,A Century of Cinema (1994),tt0109390,1994,USA
Shichinin no samurai (1954),Japan,0.0018806183473125964,tt0047478,1954,Battle Beyond the Stars (1980),tt0080421,1980,USA
Shichinin no samurai (1954),Japan,0.0018806183473125964,tt0047478,1954,Django Unchained (2012),tt1853728,2012,USA
Shichinin no samurai (1954),Japan,0.0018806183473125964,tt0047478,1954,Saving Private Ryan (1998),tt0120815,1998,USA
Shichinin no samurai (1954),Japan,0.0018806183473125964,tt0047478,1954,Star Wars: Episode II - Attack of the Clones (2002),tt0121765,2002,USA
Shichinin no samurai (1954),Japan,0.0018806183473125964,tt0047478,1954,The Matrix Revolutions (2003),tt0242653,2003,USA
Shichinin no samurai (1954),Japan,0.0018806183473125964,tt0047478,1954,Star Wars: Episode III - Revenge of the Sith (2005),tt0121766,2005,USA
Shichinin no samurai (1954),Japan,0.0018806183473125964,tt0047478,1954,Alferd Packer: The Musical (1993),tt0115819,1993,USA
Shichinin no samurai (1954),Japan,0.0018806183473125964,tt0047478,1954,Batman v Superman: Dawn of Justice (2016),tt2975590,2016,USA
Shichinin no samurai (1954),Japan,0.0018806183473125964,tt0047478,1954,Conan the Barbarian (1982),tt0082198,1982,USA
Shichinin no samurai (1954),Japan,0.0018806183473125964,tt0047478,1954,The Crow (1994),tt0109506,1994,USA
Shichinin no samurai (1954),Japan,0.0018806183473125964,tt0047478,1954,Film Geek (2005),tt0443506,2005,USA
Shichinin no samurai (1954),Japan,0.0018806183473125964,tt0047478,1954,Showdown in Little Tokyo (1991),tt0102915,1991,USA
Shichinin no samurai (1954),Japan,0.0018806183473125964,tt0047478,1954,Dillinger (1973),tt0069976,1973,USA
Shichinin no samurai (1954),Japan,0.0018806183473125964,tt0047478,1954,Escape from Chernobourg (1999),tt0188600,1999,USA
Shichinin no samurai (1954),Japan,0.0018806183473125964,tt0047478,1954,Evil Dead (2013),tt1288558,2013,USA
Shichinin no samurai (1954),Japan,0.0018806183473125964,tt0047478,1954,The Mexican (2001),tt0236493,2001,USA
Shichinin no samurai (1954),Japan,0.0018806183473125964,tt0047478,1954,The 13th Warrior (1999),tt0120657,1999,USA
Shichinin no samurai (1954),Japan,0.0018806183473125964,tt0047478,1954,Ironclad (2011),tt1233301,2011,USA
Shichinin no samurai (1954),Japan,0.0018806183473125964,tt0047478,1954,Kill a Dragon (1967),tt0180781,1967,USA
Shichinin no samurai (1954),Japan,0.0018806183473125964,tt0047478,1954,Men of War (1994),tt0110490,1994,USA
Shichinin no samurai (1954),Japan,0.0018806183473125964,tt0047478,1954,Predators (2010),tt1424381,2010,USA
Shichinin no samurai (1954),Japan,0.0018806183473125964,tt0047478,1954,Rewind This! (2013),tt2395970,2013,USA
Shichinin no samurai (1954),Japan,0.0018806183473125964,tt0047478,1954,Screen Test (1985),tt0091909,1985,USA
Shichinin no samurai (1954),Japan,0.0018806183473125964,tt0047478,1954,Second Sight (1989),tt0098276,1989,USA
Shichinin no samurai (1954),Japan,0.0018806183473125964,tt0047478,1954,The Legend of Hercules (2014),tt1043726,2014,USA
Shichinin no samurai (1954),Japan,0.0018806183473125964,tt0047478,1954,The Magnificent Seven (2016),tt2404435,2016,USA
Wo hu cang long (2000),"Taiwan,Hong Kong,USA,China",0.0017677812464738406,tt0190332,2000,Shrek (2001),tt0126029,2001,USA
Wo hu cang long (2000),"Taiwan,Hong Kong,USA,China",0.0017677812464738406,tt0190332,2000,Mr. & Mrs. Smith (2005),tt0356910,2005,USA
Wo hu cang long (2000),"Taiwan,Hong Kong,USA,China",0.0017677812464738406,tt0190332,2000,Kill Bill: Vol. 1 (2003),tt0266697,2003,USA
Wo hu cang long (2000),"Taiwan,Hong Kong,USA,China",0.0017677812464738406,tt0190332,2000,Pirates of the Caribbean: The Curse of the Black Pearl (2003),tt0325980,2003,USA
Wo hu cang long (2000),"Taiwan,Hong Kong,USA,China",0.0017677812464738406,tt0190332,2000,Zombieland (2009),tt1156398,2009,USA
Wo hu cang long (2000),"Taiwan,Hong Kong,USA,China",0.0017677812464738406,tt0190332,2000,Spider-Man (2002),tt0145487,2002,USA
Wo hu cang long (2000),"Taiwan,Hong Kong,USA,China",0.0017677812464738406,tt0190332,2000,Scary Movie (2000),tt0175142,2000,USA
Wo hu cang long (2000),"Taiwan,Hong Kong,USA,China",0.0017677812464738406,tt0190332,2000,Adjust Your Tracking (2013),tt2395133,2013,USA
Wo hu cang long (2000),"Taiwan,Hong Kong,USA,China",0.0017677812464738406,tt0190332,2000,Hulk (2003),tt0286716,2003,USA
Wo hu cang long (2000),"Taiwan,Hong Kong,USA,China",0.0017677812464738406,tt0190332,2000,American Pie 2 (2001),tt0252866,2001,USA
Wo hu cang long (2000),"Taiwan,Hong Kong,USA,China",0.0017677812464738406,tt0190332,2000,All That I Need (2005),tt0439434,2005,USA
Wo hu cang long (2000),"Taiwan,Hong Kong,USA,China",0.0017677812464738406,tt0190332,2000,Scary Movie 2 (2001),tt0257106,2001,USA
Wo hu cang long (2000),"Taiwan,Hong Kong,USA,China",0.0017677812464738406,tt0190332,2000,Scooby-Doo (2002),tt0267913,2002,USA
Wo hu cang long (2000),"Taiwan,Hong Kong,USA,China",0.0017677812464738406,tt0190332,2000,Austin Powers in Goldmember (2002),tt0295178,2002,USA
Wo hu cang long (2000),"Taiwan,Hong Kong,USA,China",0.0017677812464738406,tt0190332,2000,Jay and Silent Bob Strike Back (2001),tt0261392,2001,USA
Wo hu cang long (2000),"Taiwan,Hong Kong,USA,China",0.0017677812464738406,tt0190332,2000,Blade II (2002),tt0187738,2002,USA
Wo hu cang long (2000),"Taiwan,Hong Kong,USA,China",0.0017677812464738406,tt0190332,2000,Charlie's Angels: Full Throttle (2003),tt0305357,2003,USA
Wo hu cang long (2000),"Taiwan,Hong Kong,USA,China",0.0017677812464738406,tt0190332,2000,Film Geek (2005),tt0443506,2005,USA
Wo hu cang long (2000),"Taiwan,Hong Kong,USA,China",0.0017677812464738406,tt0190332,2000,The Holiday (2006),tt0457939,2006,USA
Wo hu cang long (2000),"Taiwan,Hong Kong,USA,China",0.0017677812464738406,tt0190332,2000,The Matrix Reloaded (2003),tt0234215,2003,USA
Wo hu cang long (2000),"Taiwan,Hong Kong,USA,China",0.0017677812464738406,tt0190332,2000,Being George Clooney (2016),tt3562572,2016,USA
Wo hu cang long (2000),"Taiwan,Hong Kong,USA,China",0.0017677812464738406,tt0190332,2000,Bulletproof Monk (2003),tt0245803,2003,USA
Wo hu cang long (2000),"Taiwan,Hong Kong,USA,China",0.0017677812464738406,tt0190332,2000,Cats & Dogs (2001),tt0239395,2001,USA
Wo hu cang long (2000),"Taiwan,Hong Kong,USA,China",0.0017677812464738406,tt0190332,2000,Cleanflix (2009),tt1007026,2009,USA
Wo hu cang long (2000),"Taiwan,Hong Kong,USA,China",0.0017677812464738406,tt0190332,2000,Harry Potter and the Chamber of Secrets (2002),tt0295297,2002,USA
Wo hu cang long (2000),"Taiwan,Hong Kong,USA,China",0.0017677812464738406,tt0190332,2000,Old School (2003),tt0302886,2003,USA
Wo hu cang long (2000),"Taiwan,Hong Kong,USA,China",0.0017677812464738406,tt0190332,2000,Films of Fury: The Kung Fu Movie Movie (2011),tt1779401,2011,USA
Wo hu cang long (2000),"Taiwan,Hong Kong,USA,China",0.0017677812464738406,tt0190332,2000,Front Cover (2015),tt3185602,2015,USA
Wo hu cang long (2000),"Taiwan,Hong Kong,USA,China",0.0017677812464738406,tt0190332,2000,The Mummy Returns (2001),tt0209163,2001,USA
Wo hu cang long (2000),"Taiwan,Hong Kong,USA,China",0.0017677812464738406,tt0190332,2000,Gnomeo & Juliet (2011),tt0377981,2011,USA
Wo hu cang long (2000),"Taiwan,Hong Kong,USA,China",0.0017677812464738406,tt0190332,2000,Spy Kids (2001),tt0227538,2001,USA
Wo hu cang long (2000),"Taiwan,Hong Kong,USA,China",0.0017677812464738406,tt0190332,2000,Hoodwinked Too! Hood vs. Evil (2011),tt0844993,2011,USA
Wo hu cang long (2000),"Taiwan,Hong Kong,USA,China",0.0017677812464738406,tt0190332,2000,Joe Somebody (2001),tt0279889,2001,USA
Wo hu cang long (2000),"Taiwan,Hong Kong,USA,China",0.0017677812464738406,tt0190332,2000,Kung Phooey! (2003),tt0282667,2003,USA
Wo hu cang long (2000),"Taiwan,Hong Kong,USA,China",0.0017677812464738406,tt0190332,2000,Me and Earl and the Dying Girl (2015),tt2582496,2015,USA
Wo hu cang long (2000),"Taiwan,Hong Kong,USA,China",0.0017677812464738406,tt0190332,2000,Rush Hour 3 (2007),tt0293564,2007,USA
Wo hu cang long (2000),"Taiwan,Hong Kong,USA,China",0.0017677812464738406,tt0190332,2000,Witless Protection (2008),tt1001562,2008,USA
Mosura (1961),Japan,0.0016925565125813368,tt0055198,1961,Bio-Dome (1996),tt0115683,1996,USA
Mosura (1961),Japan,0.0016925565125813368,tt0055198,1961,Comic-Con Episode IV: A Fan's Hope (2011),tt1605782,2011,USA
Mosura (1961),Japan,0.0016925565125813368,tt0055198,1961,Men in Black II (2002),tt0120912,2002,USA
Mosura (1961),Japan,0.0016925565125813368,tt0055198,1961,Malibu's Most Wanted (2003),tt0328099,2003,USA
Mosura (1961),Japan,0.0016925565125813368,tt0055198,1961,Marilyn Hotchkiss' Ballroom Dancing & Charm School (2005),tt0409034,2005,USA
Mosura (1961),Japan,0.0016925565125813368,tt0055198,1961,Monsters vs. Aliens (2009),tt0892782,2009,USA
Mosura (1961),Japan,0.0016925565125813368,tt0055198,1961,My Soul to Take (2010),tt0872230,2010,USA
Mosura (1961),Japan,0.0016925565125813368,tt0055198,1961,RiffTrax Live: Manos - The Hands of Fate (2012),tt2183080,2012,USA
Mosura (1961),Japan,0.0016925565125813368,tt0055198,1961,The American Nightmare (2000),tt0259182,2000,USA
Mosura (1961),Japan,0.0016925565125813368,tt0055198,1961,The Haunted Mansion (2003),tt0338094,2003,USA
Sora no daikaijû Radon (1956),Japan,0.0016173317786888329,tt0049782,1956,Blue Sunshine (1977),tt0074226,1977,USA
Sora no daikaijû Radon (1956),Japan,0.0016173317786888329,tt0049782,1956,Suburban Commando (1991),tt0103003,1991,USA
Sora no daikaijû Radon (1956),Japan,0.0016173317786888329,tt0049782,1956,The Nutty Professor (1996),tt0117218,1996,USA
Sora no daikaijû Radon (1956),Japan,0.0016173317786888329,tt0049782,1956,Reign of Fire (2002),tt0253556,2002,USA
Sora no daikaijû Radon (1956),Japan,0.0016173317786888329,tt0049782,1956,For Colored Girls (2010),tt1405500,2010,USA
Sora no daikaijû Radon (1956),Japan,0.0016173317786888329,tt0049782,1956,Frankenweenie (2012),tt1142977,2012,USA
Sora no daikaijû Radon (1956),Japan,0.0016173317786888329,tt0049782,1956,Intent to Kill (1958),tt0051781,1958,USA
Sora no daikaijû Radon (1956),Japan,0.0016173317786888329,tt0049782,1956,Invasion Earth: The Aliens Are Here (1988),tt0093272,1988,USA
Sora no daikaijû Radon (1956),Japan,0.0016173317786888329,tt0049782,1956,Marilyn Hotchkiss' Ballroom Dancing & Charm School (2005),tt0409034,2005,USA
Sora no daikaijû Radon (1956),Japan,0.0016173317786888329,tt0049782,1956,To Be Takei (2014),tt2174896,2014,USA
Kingu Kongu tai Gojira (1962),"Japan,USA",0.0015797194117425808,tt13364334,1962,Freddy vs. Jason (2003),tt0329101,2003,USA
Kingu Kongu tai Gojira (1962),"Japan,USA",0.0015797194117425808,tt13364334,1962,Adjust Your Tracking (2013),tt2395133,2013,USA
Kingu Kongu tai Gojira (1962),"Japan,USA",0.0015797194117425808,tt13364334,1962,Beavis and Butt-Head Do America (1996),tt0115641,1996,USA
Kingu Kongu tai Gojira (1962),"Japan,USA",0.0015797194117425808,tt13364334,1962,Crank: High Voltage (2009),tt1121931,2009,USA
Kingu Kongu tai Gojira (1962),"Japan,USA",0.0015797194117425808,tt13364334,1962,Dahmer vs. Gacy (2010),tt1335986,2010,USA
Kingu Kongu tai Gojira (1962),"Japan,USA",0.0015797194117425808,tt13364334,1962,King Kong (2005),tt0360717,2005,USA
Kingu Kongu tai Gojira (1962),"Japan,USA",0.0015797194117425808,tt13364334,1962,Godzilla vs. Kong (2020),tt5034838,2020,USA
Kingu Kongu tai Gojira (1962),"Japan,USA",0.0015797194117425808,tt13364334,1962,Hoodwinked Too! Hood vs. Evil (2011),tt0844993,2011,USA
Kingu Kongu tai Gojira (1962),"Japan,USA",0.0015797194117425808,tt13364334,1962,Invasion Earth: The Aliens Are Here (1988),tt0093272,1988,USA
Kingu Kongu tai Gojira (1962),"Japan,USA",0.0015797194117425808,tt13364334,1962,Snuff: A Documentary About Killing on Camera (2008),tt1237926,2008,USA
Kingu Kongu tai Gojira (1962),"Japan,USA",0.0015797194117425808,tt13364334,1962,Terror in the Aisles (1984),tt0088249,1984,USA
Kingu Kongu tai Gojira (1962),"Japan,USA",0.0015797194117425808,tt13364334,1962,The Fields (2011),tt1401236,2011,USA
Yôjinbô (1961),Japan,0.0014292699439575733,tt0055630,1961,Star Wars (1977),tt0076759,1977,USA
Yôjinbô (1961),Japan,0.0014292699439575733,tt0055630,1961,Rising Sun (1993),tt0107969,1993,USA
Yôjinbô (1961),Japan,0.0014292699439575733,tt0055630,1961,Kill Bill: Vol. 1 (2003),tt0266697,2003,USA
Yôjinbô (1961),Japan,0.0014292699439575733,tt0055630,1961,Raiders of the Lost Ark (1981),tt0082971,1981,USA
Yôjinbô (1961),Japan,0.0014292699439575733,tt0055630,1961,The Warriors (1979),tt0080120,1979,USA
Yôjinbô (1961),Japan,0.0014292699439575733,tt0055630,1961,A Million Ways to Die in the West (2014),tt2557490,2014,USA
Yôjinbô (1961),Japan,0.0014292699439575733,tt0055630,1961,The Princess Bride (1987),tt0093779,1987,USA
Yôjinbô (1961),Japan,0.0014292699439575733,tt0055630,1961,American Beauty (1999),tt0169547,1999,USA
Yôjinbô (1961),Japan,0.0014292699439575733,tt0055630,1961,Brainscan (1994),tt0109327,1994,USA
Yôjinbô (1961),Japan,0.0014292699439575733,tt0055630,1961,Punisher: War Zone (2008),tt0450314,2008,USA
Yôjinbô (1961),Japan,0.0014292699439575733,tt0055630,1961,Miller's Crossing (1990),tt0100150,1990,USA
Yôjinbô (1961),Japan,0.0014292699439575733,tt0055630,1961,Desperate Living (1977),tt0075936,1977,USA
Yôjinbô (1961),Japan,0.0014292699439575733,tt0055630,1961,Last Man Standing (1996),tt0116830,1996,USA
Yôjinbô (1961),Japan,0.0014292699439575733,tt0055630,1961,Beantown (2007),tt0981215,2007,USA
Yôjinbô (1961),Japan,0.0014292699439575733,tt0055630,1961,Black Sunshine: Conversations with T.F. Mou (2011),tt1544579,2011,USA
Yôjinbô (1961),Japan,0.0014292699439575733,tt0055630,1961,The Bodyguard (1992),tt0103855,1992,USA
Yôjinbô (1961),Japan,0.0014292699439575733,tt0055630,1961,Wild at Heart (1990),tt0100935,1990,USA
Yôjinbô (1961),Japan,0.0014292699439575733,tt0055630,1961,Support Your Local Gunfighter (1971),tt0067809,1971,USA
Yôjinbô (1961),Japan,0.0014292699439575733,tt0055630,1961,Mars Attacks! (1996),tt0116996,1996,USA
Yôjinbô (1961),Japan,0.0014292699439575733,tt0055630,1961,EuroTrip (2004),tt0356150,2004,USA
Yôjinbô (1961),Japan,0.0014292699439575733,tt0055630,1961,The Warrior and the Sorceress (1984),tt0088379,1984,USA
Yôjinbô (1961),Japan,0.0014292699439575733,tt0055630,1961,Kubo and the Two Strings (2016),tt4302938,2016,USA
Yôjinbô (1961),Japan,0.0014292699439575733,tt0055630,1961,Legend of the Phantom Rider (2002),tt0210223,2002,USA
Yôjinbô (1961),Japan,0.0014292699439575733,tt0055630,1961,Lucky Number Slevin (2006),tt0425210,2006,USA
Yôjinbô (1961),Japan,0.0014292699439575733,tt0055630,1961,Sydney White (2007),tt0815244,2007,USA
Yôjinbô (1961),Japan,0.0014292699439575733,tt0055630,1961,Zeitgeist (2004),tt4591094,2004,USA
Akira (1988),Japan,0.0013916575770113212,tt0094625,1988,Dark City (1998),tt0118929,1998,USA
Akira (1988),Japan,0.0013916575770113212,tt0094625,1988,Star Wars: Episode I - The Phantom Menace (1999),tt0120915,1999,USA
Akira (1988),Japan,0.0013916575770113212,tt0094625,1988,Inception (2010),tt1375666,2010,USA
Akira (1988),Japan,0.0013916575770113212,tt0094625,1988,Heat (1995),tt0113277,1995,USA
Akira (1988),Japan,0.0013916575770113212,tt0094625,1988,The Matrix (1999),tt0133093,1999,USA
Akira (1988),Japan,0.0013916575770113212,tt0094625,1988,Star Wars: Episode II - Attack of the Clones (2002),tt0121765,2002,USA
Akira (1988),Japan,0.0013916575770113212,tt0094625,1988,AMV Hell 3: The Motion Picture (2005),tt5230508,2005,USA
Akira (1988),Japan,0.0013916575770113212,tt0094625,1988,The Matrix Revolutions (2003),tt0242653,2003,USA
Akira (1988),Japan,0.0013916575770113212,tt0094625,1988,Star Wars: Episode III - Revenge of the Sith (2005),tt0121766,2005,USA
Akira (1988),Japan,0.0013916575770113212,tt0094625,1988,Hulk (2003),tt0286716,2003,USA
Akira (1988),Japan,0.0013916575770113212,tt0094625,1988,Adventures in Plymptoons! (2011),tt1691448,2011,USA
Akira (1988),Japan,0.0013916575770113212,tt0094625,1988,Terminator 3: Rise of the Machines (2003),tt0181852,2003,USA
Akira (1988),Japan,0.0013916575770113212,tt0094625,1988,Minority Report (2002),tt0181689,2002,USA
Akira (1988),Japan,0.0013916575770113212,tt0094625,1988,Batman: Mask of the Phantasm (1993),tt0106364,1993,USA
Akira (1988),Japan,0.0013916575770113212,tt0094625,1988,Daredevil (2003),tt0287978,2003,USA
Akira (1988),Japan,0.0013916575770113212,tt0094625,1988,Die Another Day (2002),tt0246460,2002,USA
Akira (1988),Japan,0.0013916575770113212,tt0094625,1988,The Matrix Reloaded (2003),tt0234215,2003,USA
Akira (1988),Japan,0.0013916575770113212,tt0094625,1988,The Ring Two (2005),tt0377109,2005,USA
Akira (1988),Japan,0.0013916575770113212,tt0094625,1988,Big Hero 6 (2014),tt2245084,2014,USA
Akira (1988),Japan,0.0013916575770113212,tt0094625,1988,Chronicle (2012),tt1706593,2012,USA
Akira (1988),Japan,0.0013916575770113212,tt0094625,1988,We Are the Strange (2007),tt0923985,2007,USA
Akira (1988),Japan,0.0013916575770113212,tt0094625,1988,Lawnmower Man 2: Beyond Cyberspace (1996),tt0116839,1996,USA
Akira (1988),Japan,0.0013916575770113212,tt0094625,1988,Ready Player One (2018),tt1677720,2018,USA
Akira (1988),Japan,0.0013916575770113212,tt0094625,1988,Sunset Rock (2016),tt3863420,2016,USA
Akira (1988),Japan,0.0013916575770113212,tt0094625,1988,Traceroute (2016),tt4490762,2016,USA
Akira (1988),Japan,0.0013916575770113212,tt0094625,1988,Xenobites (2008),tt1287363,2008,USA
Ringu (1998),Japan,0.0013540452100650694,tt0178868,1998,Scary Movie 3 (2003),tt0306047,2003,USA
Ringu (1998),Japan,0.0013540452100650694,tt0178868,1998,Be Kind Rewind (2008),tt0799934,2008,USA
Ringu (1998),Japan,0.0013540452100650694,tt0178868,1998,Film Geek (2005),tt0443506,2005,USA
Ringu (1998),Japan,0.0013540452100650694,tt0178868,1998,Yes Man (2008),tt1068680,2008,USA
Ringu (1998),Japan,0.0013540452100650694,tt0178868,1998,The Cabin in the Woods (2012),tt1259521,2012,USA
Ringu (1998),Japan,0.0013540452100650694,tt0178868,1998,Feardotcom (2002),tt0295254,2002,USA
Ringu (1998),Japan,0.0013540452100650694,tt0178868,1998,Going to Pieces: The Rise and Fall of the Slasher Film (2006),tt0489062,2006,USA
Ringu (1998),Japan,0.0013540452100650694,tt0178868,1998,Grave Encounters 2 (2012),tt2231554,2012,USA
Ringu (1998),Japan,0.0013540452100650694,tt0178868,1998,My Pure Joy (2011),tt1909807,2011,USA
Ringu (1998),Japan,0.0013540452100650694,tt0178868,1998,"Nightmares in Red, White and Blue: The Evolution of the American Horror Film (2009)",tt1337117,2009,USA
Ringu (1998),Japan,0.0013540452100650694,tt0178868,1998,The Messengers (2007),tt0425430,2007,USA
Ringu (1998),Japan,0.0013540452100650694,tt0178868,1998,Rewind This! (2013),tt2395970,2013,USA
Tang shan da xiong (1971),Hong Kong,0.0013540452100650694,tt0067824,1971,Balls of Fury (2007),tt0424823,2007,USA
Tang shan da xiong (1971),Hong Kong,0.0013540452100650694,tt0067824,1971,Romeo Must Die (2000),tt0165929,2000,USA
Tang shan da xiong (1971),Hong Kong,0.0013540452100650694,tt0067824,1971,G.I. Joe: The Rise of Cobra (2009),tt1046173,2009,USA
Tang shan da xiong (1971),Hong Kong,0.0013540452100650694,tt0067824,1971,Alvin and the Chipmunks: The Squeakquel (2009),tt1231580,2009,USA
Tang shan da xiong (1971),Hong Kong,0.0013540452100650694,tt0067824,1971,Scooby-Doo (2002),tt0267913,2002,USA
Tang shan da xiong (1971),Hong Kong,0.0013540452100650694,tt0067824,1971,Dragon: The Bruce Lee Story (1993),tt0106770,1993,USA
Tang shan da xiong (1971),Hong Kong,0.0013540452100650694,tt0067824,1971,Film Geek (2005),tt0443506,2005,USA
Tang shan da xiong (1971),Hong Kong,0.0013540452100650694,tt0067824,1971,Road House (1989),tt0098206,1989,USA
Tang shan da xiong (1971),Hong Kong,0.0013540452100650694,tt0067824,1971,Charlie Bartlett (2007),tt0423977,2007,USA
Tang shan da xiong (1971),Hong Kong,0.0013540452100650694,tt0067824,1971,Chloe & Theo (2015),tt1754736,2015,USA
Tang shan da xiong (1971),Hong Kong,0.0013540452100650694,tt0067824,1971,Rapid Fire (1992),tt0105219,1992,USA
Tang shan da xiong (1971),Hong Kong,0.0013540452100650694,tt0067824,1971,Finishing the Game: The Search for a New Bruce Lee (2007),tt0843850,2007,USA
Tang shan da xiong (1971),Hong Kong,0.0013540452100650694,tt0067824,1971,I'm Gonna Git You Sucka (1988),tt0095348,1988,USA
Tang shan da xiong (1971),Hong Kong,0.0013540452100650694,tt0067824,1971,Films of Fury: The Kung Fu Movie Movie (2011),tt1779401,2011,USA
Tang shan da xiong (1971),Hong Kong,0.0013540452100650694,tt0067824,1971,Ghostbusters (2016),tt1289401,2016,USA
Tang shan da xiong (1971),Hong Kong,0.0013540452100650694,tt0067824,1971,Kung Phooey! (2003),tt0282667,2003,USA
Tang shan da xiong (1971),Hong Kong,0.0013540452100650694,tt0067824,1971,Men Without Jobs (2004),tt0384331,2004,USA
Tang shan da xiong (1971),Hong Kong,0.0013540452100650694,tt0067824,1971,Rugrats in Paris: The Movie - Rugrats II (2000),tt0213203,2000,USA
Tang shan da xiong (1971),Hong Kong,0.0013540452100650694,tt0067824,1971,Soul Men (2008),tt1111948,2008,USA
Tang shan da xiong (1971),Hong Kong,0.0013540452100650694,tt0067824,1971,Garfield: A Tail of Two Kitties (2006),tt0455499,2006,USA
Tang shan da xiong (1971),Hong Kong,0.0013540452100650694,tt0067824,1971,The Slanted Screen (2006),tt0760185,2006,USA
Rashômon (1950),Japan,0.0012412081092263135,tt0042876,1950,JFK (1991),tt0102138,1991,USA
Rashômon (1950),Japan,0.0012412081092263135,tt0042876,1950,Reservoir Dogs (1992),tt0105236,1992,USA
Rashômon (1950),Japan,0.0012412081092263135,tt0042876,1950,Jackie Brown (1997),tt0119396,1997,USA
Rashômon (1950),Japan,0.0012412081092263135,tt0042876,1950,The Matrix (1999),tt0133093,1999,USA
Rashômon (1950),Japan,0.0012412081092263135,tt0042876,1950,A Century of Cinema (1994),tt0109390,1994,USA
Rashômon (1950),Japan,0.0012412081092263135,tt0042876,1950,A Decade Under the Influence (2003),tt0342275,2003,USA
Rashômon (1950),Japan,0.0012412081092263135,tt0042876,1950,The Exorcism of Emily Rose (2005),tt0404032,2005,USA
Rashômon (1950),Japan,0.0012412081092263135,tt0042876,1950,A Midsummer Night's Sex Comedy (1982),tt0084329,1982,USA
Rashômon (1950),Japan,0.0012412081092263135,tt0042876,1950,Fargo (1996),tt0116282,1996,USA
Rashômon (1950),Japan,0.0012412081092263135,tt0042876,1950,Hoodwinked! (2005),tt4064028,2005,USA
Rashômon (1950),Japan,0.0012412081092263135,tt0042876,1950,The Usual Suspects (1995),tt0114814,1995,USA
Rashômon (1950),Japan,0.0012412081092263135,tt0042876,1950,The Red Badge of Courage (1951),tt0043961,1951,USA
Rashômon (1950),Japan,0.0012412081092263135,tt0042876,1950,Basic (2003),tt0264395,2003,USA
Rashômon (1950),Japan,0.0012412081092263135,tt0042876,1950,Courage Under Fire (1996),tt0115956,1996,USA
Rashômon (1950),Japan,0.0012412081092263135,tt0042876,1950,Go (1999),tt0299937,1999,USA
Rashômon (1950),Japan,0.0012412081092263135,tt0042876,1950,Murder à la Mod (1968),tt0163114,1968,USA
Rashômon (1950),Japan,0.0012412081092263135,tt0042876,1950,Commune (2005),tt0439511,2005,USA
Rashômon (1950),Japan,0.0012412081092263135,tt0042876,1950,Schlock! The Secret History of American Movies (2001),tt0286944,2001,USA
Rashômon (1950),Japan,0.0012412081092263135,tt0042876,1950,Les Girls (1957),tt0050631,1957,USA
Rashômon (1950),Japan,0.0012412081092263135,tt0042876,1950,Drowning Mona (2000),tt0186045,2000,USA
Rashômon (1950),Japan,0.0012412081092263135,tt0042876,1950,Narc (2002),tt0272207,2002,USA
Rashômon (1950),Japan,0.0012412081092263135,tt0042876,1950,One Night at McCool's (2001),tt0203755,2001,USA
Rashômon (1950),Japan,0.0012412081092263135,tt0042876,1950,Me and Earl and the Dying Girl (2015),tt2582496,2015,USA
Rashômon (1950),Japan,0.0012412081092263135,tt0042876,1950,RWD (2015),tt3836480,2015,USA
Rashômon (1950),Japan,0.0012412081092263135,tt0042876,1950,Rewind This! (2013),tt2395970,2013,USA
Rashômon (1950),Japan,0.0012412081092263135,tt0042876,1950,The Haunted World of Edward D. Wood Jr. (1995),tt0113270,1995,USA
Rashômon (1950),Japan,0.0012412081092263135,tt0042876,1950,The Sea of Trees (2015),tt3450900,2015,USA
Rashômon (1950),Japan,0.0012412081092263135,tt0042876,1950,Uncertainty (2008),tt1086216,2008,USA
Zatôichi monogatari (1962),Japan,0.0012412081092263135,tt0056714,1962,Death Proof (2007),tt1028528,2007,USA
Zatôichi monogatari (1962),Japan,0.0012412081092263135,tt0056714,1962,Grindhouse (2007),tt0462322,2007,USA
Zatôichi monogatari (1962),Japan,0.0012412081092263135,tt0056714,1962,Blindman (1971),tt0066844,1971,USA
Zatôichi monogatari (1962),Japan,0.0012412081092263135,tt0056714,1962,Rogue One (2016),tt3748528,2016,USA
Dip huet seung hung (1989),Hong Kong,0.0012035957422800616,tt0097202,1989,Die Hard 2 (1990),tt0099423,1990,USA
Dip huet seung hung (1989),Hong Kong,0.0012035957422800616,tt0097202,1989,Face/Off (1997),tt0119094,1997,USA
Dip huet seung hung (1989),Hong Kong,0.0012035957422800616,tt0097202,1989,G.I. Joe: The Rise of Cobra (2009),tt1046173,2009,USA
Dip huet seung hung (1989),Hong Kong,0.0012035957422800616,tt0097202,1989,Jackie Brown (1997),tt0119396,1997,USA
Dip huet seung hung (1989),Hong Kong,0.0012035957422800616,tt0097202,1989,Kill Bill: Vol. 1 (2003),tt0266697,2003,USA
Dip huet seung hung (1989),Hong Kong,0.0012035957422800616,tt0097202,1989,Mission: Impossible II (2000),tt0120755,2000,USA
Dip huet seung hung (1989),Hong Kong,0.0012035957422800616,tt0097202,1989,Heat (1995),tt0113277,1995,USA
Dip huet seung hung (1989),Hong Kong,0.0012035957422800616,tt0097202,1989,L.A. Confidential (1997),tt0119488,1997,USA
Dip huet seung hung (1989),Hong Kong,0.0012035957422800616,tt0097202,1989,Star Wars: Episode II - Attack of the Clones (2002),tt0121765,2002,USA
Dip huet seung hung (1989),Hong Kong,0.0012035957422800616,tt0097202,1989,Adjust Your Tracking (2013),tt2395133,2013,USA
Dip huet seung hung (1989),Hong Kong,0.0012035957422800616,tt0097202,1989,Machete (2010),tt0985694,2010,USA
Dip huet seung hung (1989),Hong Kong,0.0012035957422800616,tt0097202,1989,The Big Hit (1998),tt0120609,1998,USA
Dip huet seung hung (1989),Hong Kong,0.0012035957422800616,tt0097202,1989,Alex Cross (2012),tt1712170,2012,USA
Dip huet seung hung (1989),Hong Kong,0.0012035957422800616,tt0097202,1989,Desperado (1995),tt0112851,1995,USA
Dip huet seung hung (1989),Hong Kong,0.0012035957422800616,tt0097202,1989,The Replacement Killers (1998),tt0120008,1998,USA
Dip huet seung hung (1989),Hong Kong,0.0012035957422800616,tt0097202,1989,Ballistic: Ecks vs. Sever (2002),tt0308208,2002,USA
Dip huet seung hung (1989),Hong Kong,0.0012035957422800616,tt0097202,1989,The Crow (1994),tt0109506,1994,USA
Dip huet seung hung (1989),Hong Kong,0.0012035957422800616,tt0097202,1989,From Dusk Till Dawn (1996),tt0116367,1996,USA
Dip huet seung hung (1989),Hong Kong,0.0012035957422800616,tt0097202,1989,The Mummy (1999),tt0120616,1999,USA
Dip huet seung hung (1989),Hong Kong,0.0012035957422800616,tt0097202,1989,Once Upon a Time in Mexico (2003),tt0285823,2003,USA
Dip huet seung hung (1989),Hong Kong,0.0012035957422800616,tt0097202,1989,The Transporter (2002),tt0293662,2002,USA
Dip huet seung hung (1989),Hong Kong,0.0012035957422800616,tt0097202,1989,Films of Fury: The Kung Fu Movie Movie (2011),tt1779401,2011,USA
Dip huet seung hung (1989),Hong Kong,0.0012035957422800616,tt0097202,1989,Tomorrow by Midnight (2001),tt0210362,2001,USA
Dip huet seung hung (1989),Hong Kong,0.0012035957422800616,tt0097202,1989,The Supermarket (2009),tt1337549,2009,USA
Dip huet seung hung (1989),Hong Kong,0.0012035957422800616,tt0097202,1989,What Goes Around... (2006),tt2157083,2006,USA
Mosura tai Gojira (1964),Japan,0.0012035957422800616,tt0058379,1964,Dr. Goldfoot and the Bikini Machine (1965),tt0059124,1965,USA
Mosura tai Gojira (1964),Japan,0.0012035957422800616,tt0058379,1964,Cooley High (1975),tt0072820,1975,USA
Mosura tai Gojira (1964),Japan,0.0012035957422800616,tt0058379,1964,Friday the 13th: A New Beginning (1985),tt0089173,1985,USA
Mosura tai Gojira (1964),Japan,0.0012035957422800616,tt0058379,1964,Inherent Vice (2014),tt1791528,2014,USA
The Crying Game (1992),"Japan,USA",0.001090758641441306,tt0104036,1992,Pulp Fiction (1994),tt0110912,1994,USA
The Crying Game (1992),"Japan,USA",0.001090758641441306,tt0104036,1992,Kingpin (1996),tt0116778,1996,USA
The Crying Game (1992),"Japan,USA",0.001090758641441306,tt0104036,1992,A Low Down Dirty Shame (1994),tt0110399,1994,USA
The Crying Game (1992),"Japan,USA",0.001090758641441306,tt0104036,1992,Ace Ventura: Pet Detective (1994),tt0109040,1994,USA
The Crying Game (1992),"Japan,USA",0.001090758641441306,tt0104036,1992,Shallow Hal (2001),tt0256380,2001,USA
The Crying Game (1992),"Japan,USA",0.001090758641441306,tt0104036,1992,Alice in Murderland (2010),tt1753422,2010,USA
The Crying Game (1992),"Japan,USA",0.001090758641441306,tt0104036,1992,Scary Movie 3 (2003),tt0306047,2003,USA
The Crying Game (1992),"Japan,USA",0.001090758641441306,tt0104036,1992,Jay and Silent Bob Strike Back (2001),tt0261392,2001,USA
The Crying Game (1992),"Japan,USA",0.001090758641441306,tt0104036,1992,The New Guy (2002),tt0241760,2002,USA
The Crying Game (1992),"Japan,USA",0.001090758641441306,tt0104036,1992,Woo (1998),tt0120531,1998,USA
The Crying Game (1992),"Japan,USA",0.001090758641441306,tt0104036,1992,Tromeo and Juliet (1996),tt0114733,1996,USA
The Crying Game (1992),"Japan,USA",0.001090758641441306,tt0104036,1992,Employee of the Month (2004),tt0424993,2004,USA
The Crying Game (1992),"Japan,USA",0.001090758641441306,tt0104036,1992,The Celluloid Closet (1995),tt0112651,1995,USA
The Crying Game (1992),"Japan,USA",0.001090758641441306,tt0104036,1992,Hot Shots! Part Deux (1993),tt0107144,1993,USA
The Crying Game (1992),"Japan,USA",0.001090758641441306,tt0104036,1992,Get Bruce (1999),tt0184510,1999,USA
The Crying Game (1992),"Japan,USA",0.001090758641441306,tt0104036,1992,Going to Pieces: The Rise and Fall of the Slasher Film (2006),tt0489062,2006,USA
The Crying Game (1992),"Japan,USA",0.001090758641441306,tt0104036,1992,Slither (2006),tt0439815,2006,USA
The Crying Game (1992),"Japan,USA",0.001090758641441306,tt0104036,1992,In the Flesh (1998),tt0129157,1998,USA
The Crying Game (1992),"Japan,USA",0.001090758641441306,tt0104036,1992,Rush Hour 3 (2007),tt0293564,2007,USA
The Crying Game (1992),"Japan,USA",0.001090758641441306,tt0104036,1992,What Planet Are You From? (2000),tt0181151,2000,USA
The Crying Game (1992),"Japan,USA",0.001090758641441306,tt0104036,1992,My Super Ex-Girlfriend (2006),tt0465624,2006,USA
The Crying Game (1992),"Japan,USA",0.001090758641441306,tt0104036,1992,Naked Gun 33 1/3: The Final Insult (1994),tt0110622,1994,USA
The Crying Game (1992),"Japan,USA",0.001090758641441306,tt0104036,1992,Playing by Heart (1998),tt0145734,1998,USA
The Crying Game (1992),"Japan,USA",0.001090758641441306,tt0104036,1992,Plump Fiction (1997),tt0117350,1997,USA
The Crying Game (1992),"Japan,USA",0.001090758641441306,tt0104036,1992,"Puff, Puff, Pass (2006)",tt0466771,2006,USA
The Crying Game (1992),"Japan,USA",0.001090758641441306,tt0104036,1992,Snow Days (1999),tt0212517,1999,USA
The Crying Game (1992),"Japan,USA",0.001090758641441306,tt0104036,1992,Soulkeeper (2001),tt0212867,2001,USA
Game of Death (1978),"Hong Kong,USA",0.001090758641441306,tt0077594,1978,Kill Bill: Vol. 1 (2003),tt0266697,2003,USA
Game of Death (1978),"Hong Kong,USA",0.001090758641441306,tt0077594,1978,Revenge of the Nerds (1984),tt0088000,1984,USA
Game of Death (1978),"Hong Kong,USA",0.001090758641441306,tt0077594,1978,The Exterminator (1980),tt0080707,1980,USA
Game of Death (1978),"Hong Kong,USA",0.001090758641441306,tt0077594,1978,Times Square (1980),tt0081635,1980,USA
Game of Death (1978),"Hong Kong,USA",0.001090758641441306,tt0077594,1978,Grindhouse (2007),tt0462322,2007,USA
Game of Death (1978),"Hong Kong,USA",0.001090758641441306,tt0077594,1978,Dragon: The Bruce Lee Story (1993),tt0106770,1993,USA
Game of Death (1978),"Hong Kong,USA",0.001090758641441306,tt0077594,1978,Film Geek (2005),tt0443506,2005,USA
Game of Death (1978),"Hong Kong,USA",0.001090758641441306,tt0077594,1978,Confessions of a Superhero (2007),tt1016164,2007,USA
Game of Death (1978),"Hong Kong,USA",0.001090758641441306,tt0077594,1978,Finishing the Game: The Search for a New Bruce Lee (2007),tt0843850,2007,USA
Game of Death (1978),"Hong Kong,USA",0.001090758641441306,tt0077594,1978,Films of Fury: The Kung Fu Movie Movie (2011),tt1779401,2011,USA
Game of Death (1978),"Hong Kong,USA",0.001090758641441306,tt0077594,1978,Inside Deep Throat (2005),tt0418753,2005,USA
Game of Death (1978),"Hong Kong,USA",0.001090758641441306,tt0077594,1978,The Last Dragon (1985),tt0089461,1985,USA
Game of Death (1978),"Hong Kong,USA",0.001090758641441306,tt0077594,1978,Rush Hour 3 (2007),tt0293564,2007,USA
Game of Death (1978),"Hong Kong,USA",0.001090758641441306,tt0077594,1978,The Brother from Another Planet (1984),tt0087004,1984,USA
Game of Death (1978),"Hong Kong,USA",0.001090758641441306,tt0077594,1978,My Mistress Electra (1983),tt0143707,1983,USA
Game of Death (1978),"Hong Kong,USA",0.001090758641441306,tt0077594,1978,Shotgun Stories (2007),tt0952682,2007,USA
Game of Death (1978),"Hong Kong,USA",0.001090758641441306,tt0077594,1978,That Lucky Stiff (1980),tt0080011,1980,USA
Game of Death (1978),"Hong Kong,USA",0.001090758641441306,tt0077594,1978,The Slanted Screen (2006),tt0760185,2006,USA
San daikaijû: Chikyû saidai no kessen (1964),Japan,0.001090758641441306,tt0058544,1964,Pee-wee's Big Adventure (1985),tt0089791,1985,USA
San daikaijû: Chikyû saidai no kessen (1964),Japan,0.001090758641441306,tt0058544,1964,Year of the Living Dead (2013),tt2507128,2013,USA
Kaijû daisensô (1965),"Japan,USA",0.0010531462744950539,tt0059346,1965,Suburban Commando (1991),tt0103003,1991,USA
Kaijû daisensô (1965),"Japan,USA",0.0010531462744950539,tt0059346,1965,Mars Attacks! (1996),tt0116996,1996,USA
Kaijû daisensô (1965),"Japan,USA",0.0010531462744950539,tt0059346,1965,The Oral Generation (1970),tt3444650,1970,USA
